name.firstName,name.lastName,age,gender,address.line1,address.line2,address.city,address.state
Oliviero,Drinkwater,97,Male,6 Lunder Street,12th Floor,North Little Rock,Arkansas
Juieta,Hebden,11,Female,248 Tomscot Circle,PO Box 18855,Louisville,Kentucky
Flynn,Tussaine,67,Male,3 Melrose Avenue,Apt 1090,Fort Worth,Texas
Larry,Aers,2,Male,1226 Amoth Pass,Suite 20,Orlando,Florida
Glynn,Olenchenko,45,Male,5 Dayton Trail,14th Floor,Washington,District of Columbia
Romeo,Collingridge,62,Male,00 Green Place,Room 981,Louisville,Kentucky
Fedora,Attard,10,Female,5291 Independence Lane,PO Box 27084,Washington,District of Columbia
Kasey,Watman,52,Female,3 Cody Trail,9th Floor,Atlanta,Georgia
Pamella,Judson,47,Female,30 Stone Corner Circle,17th Floor,Salt Lake City,Utah
Benton,Hagstone,24,Male,21476 Hudson Road,Room 1970,Richmond,Virginia
Hamid,Hagerty,76,Male,3 Spenser Crossing,Room 1555,Pittsburgh,Pennsylvania
Duane,Tumbridge,77,Male,32 Linden Junction,Suite 13,Detroit,Michigan
Ezechiel,Loraine,17,Male,71 Tennyson Street,Room 186,Las Vegas,Nevada
Dulce,Maudlin,9,Female,05 Eastlawn Parkway,12th Floor,Erie,Pennsylvania
Aldwin,Barns,33,Male,04 Dwight Terrace,PO Box 73633,Paterson,New Jersey
Janna,Moncur,22,Female,613 Thompson Place,Room 1525,Scranton,Pennsylvania
Esther,Gilmour,93,Female,3748 Carey Junction,PO Box 62058,Simi Valley,California
Wiley,Jupp,18,Male,7 Scoville Road,Apt 1884,Harrisburg,Pennsylvania
Errick,Scutching,48,Male,8729 Park Meadow Court,7th Floor,Washington,District of Columbia
Dorree,Normant,14,Female,04 Bluestem Junction,Apt 1031,Minneapolis,Minnesota
Normand,Cappel,19,Male,96 Surrey Circle,Apt 1996,Peoria,Illinois
Prentiss,Pering,53,Male,6261 Ramsey Place,3rd Floor,Tallahassee,Florida
Wilburt,Yakubovics,90,Male,2 American Pass,Room 1833,Memphis,Tennessee
Merle,Sheircliffe,14,Male,72 Meadow Valley Court,6th Floor,Fresno,California
Aubrey,Kornel,93,Male,2774 Basil Trail,Room 928,Cincinnati,Ohio
Ashlee,Waliszek,36,Female,05 Sunnyside Junction,PO Box 3278,Virginia Beach,Virginia
Olin,Clarson,83,Male,91 Monument Road,PO Box 77826,Little Rock,Arkansas
Aldric,Dougherty,88,Male,73076 Calypso Crossing,Suite 26,Hampton,Virginia
Debby,Oddey,38,Female,452 Express Court,Suite 14,Washington,District of Columbia
Enrika,Bramo,35,Female,20 Dunning Road,Apt 1,Los Angeles,California
Garnette,Huckster,36,Female,48 Heath Avenue,Apt 1329,Kingsport,Tennessee
Molli,Mower,47,Female,44445 Brown Plaza,PO Box 50391,Durham,North Carolina
Dareen,Girdlestone,15,Female,473 Amoth Point,Room 641,Lawrenceville,Georgia
Dyna,Denning,93,Female,19078 Mesta Alley,2nd Floor,San Bernardino,California
Curtis,Cansdale,48,Male,9566 Kim Crossing,11th Floor,Los Angeles,California
Marabel,Jullian,32,Female,8 Rockefeller Hill,PO Box 208,Atlanta,Georgia
Delbert,January,18,Male,89545 Badeau Lane,Suite 39,Phoenix,Arizona
Farrell,Lube,40,Male,441 Eagan Trail,PO Box 20054,Worcester,Massachusetts
Felice,Stratton,43,Female,3478 Scoville Court,7th Floor,Indianapolis,Indiana
Viki,Le Conte,30,Female,62793 Loeprich Parkway,PO Box 80813,Shawnee Mission,Kansas
Doralin,Chamberlen,69,Female,79226 Superior Road,PO Box 23622,Scranton,Pennsylvania
Wyn,Faulo,30,Male,93 Myrtle Junction,PO Box 17285,Louisville,Kentucky
Lazar,Helliar,51,Male,72897 Vernon Junction,8th Floor,Irvine,California
Osborn,Besantie,35,Male,316 Northview Crossing,Room 1549,Norwalk,Connecticut
Joby,Hailston,35,Female,6239 Blue Bill Park Street,Suite 13,Louisville,Kentucky
Yorke,Vowden,99,Male,7 Redwing Terrace,20th Floor,Stockton,California
York,Guly,62,Male,2642 Ryan Center,PO Box 70758,Miami,Florida
Luelle,Jost,52,Female,0 Ridgeview Drive,PO Box 39445,Maple Plain,Minnesota
Juliana,Beardsdale,28,Female,1451 Raven Plaza,Room 1270,New York City,New York
Armand,Jobke,19,Male,644 Logan Park,Apt 1525,Burbank,California
Lynne,Roberson,30,Female,0 Nevada Center,Room 380,Philadelphia,Pennsylvania
Sergeant,Horlick,63,Male,95332 Chinook Way,9th Floor,Los Angeles,California
Ruttger,McInility,17,Male,888 Thompson Parkway,Suite 24,Naples,Florida
Bridie,Pendergrast,35,Female,2431 Kropf Avenue,PO Box 75424,Riverside,California
Brandy,Valentetti,55,Male,35 Red Cloud Circle,9th Floor,Los Angeles,California
Delcina,Batham,35,Female,3 Little Fleur Lane,Apt 337,Dayton,Ohio
Alexi,Poundesford,6,Female,0740 Superior Street,Apt 457,Augusta,Georgia
Norry,Tilliard,68,Male,5 Barnett Parkway,Apt 544,Austin,Texas
Dannye,Cowhig,40,Female,57 Victoria Street,Suite 54,Riverside,California
Maren,Janovsky,8,Female,391 Sunfield Point,Apt 501,San Francisco,California
Rolando,Nottingam,71,Male,265 Prairie Rose Park,PO Box 57686,Miami,Florida
Sherlocke,Culshaw,88,Male,371 Rockefeller Hill,Suite 60,Johnson City,Tennessee
Hewet,Grass,72,Male,1041 Farragut Court,Suite 9,Annapolis,Maryland
Leigh,Copins,22,Male,600 Graedel Avenue,10th Floor,Murfreesboro,Tennessee
Silvia,Gout,43,Female,51585 Bayside Lane,Suite 92,Arlington,Texas
Gran,Petrelli,27,Male,7237 Sommers Trail,Apt 1730,Austin,Texas
Susy,Davson,17,Female,9380 Forest Court,Room 350,Grand Forks,North Dakota
Andee,Mitcham,78,Female,3395 Northport Way,Room 740,College Station,Texas
Carlee,Blondel,57,Female,9 Prairie Rose Parkway,Room 131,Wilmington,North Carolina
Wilfred,Buckthought,88,Male,1 Nevada Drive,17th Floor,Las Vegas,Nevada
Woodie,MacCheyne,78,Male,4391 Acker Plaza,Apt 252,Hampton,Virginia
Hector,Purches,89,Male,3075 Welch Hill,11th Floor,Alexandria,Virginia
Hubey,Nicholls,78,Male,35421 Thierer Way,9th Floor,Tacoma,Washington
Davidde,Fuchs,8,Male,3 Fieldstone Drive,Suite 11,Pasadena,Texas
Lelia,McGlashan,46,Female,63704 Buell Trail,Room 1493,Sacramento,California
Krystal,Aldersey,80,Female,29816 Lake View Place,Room 999,Boulder,Colorado
Stephine,Kobiela,12,Female,591 Ronald Regan Terrace,Room 806,Kansas City,Missouri
Cally,Ranyell,67,Female,1333 Mallard Junction,Apt 823,Honolulu,Hawaii
Mayne,Reyne,25,Male,619 Chive Road,13th Floor,Minneapolis,Minnesota
Vasily,Heading,19,Male,63 Redwing Road,PO Box 25132,Humble,Texas
Valencia,Kment,76,Female,1 Caliangt Parkway,PO Box 39996,Tulsa,Oklahoma
Sebastian,Kacheler,76,Male,95576 Buell Junction,PO Box 95031,Saint Louis,Missouri
Fields,Jennens,13,Male,663 Continental Parkway,2nd Floor,Laurel,Maryland
Alisha,Massinger,30,Female,365 Melrose Way,Suite 54,Memphis,Tennessee
Grenville,Brimman,87,Male,997 High Crossing Pass,PO Box 42772,Dallas,Texas
Freddie,Rouby,60,Male,7 Caliangt Way,14th Floor,Minneapolis,Minnesota
Raff,Wretham,70,Male,64836 Schiller Drive,Apt 673,Austin,Texas
Tedie,Fley,54,Male,81 Duke Park,Apt 1303,Dayton,Ohio
Yale,Gerbel,33,Male,503 Talisman Court,Apt 655,Jamaica,New York
Livvie,Luca,25,Female,778 Manitowish Parkway,PO Box 26041,Hartford,Connecticut
Felita,Plant,61,Female,9 Ohio Trail,PO Box 26794,West Palm Beach,Florida
Patten,Covell,79,Male,022 Bunker Hill Way,Apt 643,Sacramento,California
Harvey,Keese,93,Male,7868 Di Loreto Pass,Suite 66,Des Moines,Iowa
Heywood,Baskerville,20,Male,2 Kingsford Park,Apt 1175,Garden Grove,California
Garrott,Willgoss,55,Male,90451 Harbort Center,Room 1870,Saint Petersburg,Florida
Kingsly,Medcraft,71,Male,72950 Corscot Lane,PO Box 61069,Colorado Springs,Colorado
Dwight,Arend,57,Male,784 Crownhardt Way,PO Box 5269,Tampa,Florida
Aime,Somner,43,Female,16296 Doe Crossing Pass,Suite 54,Richmond,Virginia
Heindrick,Prozescky,95,Male,96691 Moland Lane,Room 665,El Paso,Texas
Halimeda,Brimmacombe,94,Female,0553 Cardinal Plaza,4th Floor,Boise,Idaho
Lorna,Fraczkiewicz,3,Female,0798 Alpine Trail,14th Floor,Cleveland,Ohio
Gilly,Fritter,27,Female,9691 Parkside Plaza,Room 1627,Pittsburgh,Pennsylvania
Justinn,Krysiak,6,Female,6422 Browning Pass,Suite 28,Saint Louis,Missouri
Taylor,Cattow,19,Male,6 Sommers Center,Suite 93,Hattiesburg,Mississippi
Karil,Poynor,60,Female,42668 Burning Wood Point,PO Box 66921,Sacramento,California
Reider,Billinge,99,Male,46 Golf Junction,Room 1490,Tacoma,Washington
Kale,Silwood,54,Male,23042 Summer Ridge Plaza,PO Box 31290,Houston,Texas
Lara,Mesnard,6,Female,68759 Canary Circle,Apt 616,Sacramento,California
Hubey,O'Heyne,85,Male,100 Harper Hill,PO Box 8463,Birmingham,Alabama
Harbert,Wookey,46,Male,630 Sheridan Point,PO Box 16301,Tacoma,Washington
Carlos,Prettejohns,62,Male,5 Butternut Road,9th Floor,Boston,Massachusetts
Murial,Orviss,97,Female,64981 Caliangt Place,Apt 1744,Chicago,Illinois
Ernst,Plumbridge,23,Male,8184 Arkansas Park,10th Floor,Houston,Texas
Laurent,Meenehan,44,Male,0 Petterle Hill,Apt 56,Richmond,Virginia
Wren,Beck,68,Female,64293 Northland Junction,7th Floor,Punta Gorda,Florida
Caritta,Kedward,32,Female,828 Welch Point,Room 160,Everett,Washington
Maurine,Pakes,20,Female,00179 Old Gate Trail,16th Floor,Santa Clara,California
Cecil,Kingsford,26,Female,322 Bultman Avenue,Room 1198,Fort Worth,Texas
Quill,Fenlon,7,Male,86 Little Fleur Terrace,18th Floor,New Brunswick,New Jersey
Clayson,Glidden,23,Male,1 Fair Oaks Parkway,PO Box 85920,Memphis,Tennessee
Gayelord,Roggers,99,Male,60512 Straubel Avenue,Suite 45,Garland,Texas
Joelly,Weinmann,76,Female,535 Maryland Point,PO Box 92941,Washington,District of Columbia
Catherina,Wimpey,92,Female,50 Larry Hill,Apt 593,New York City,New York
Grenville,Carss,49,Male,0462 Spenser Plaza,Apt 1491,Chicago,Illinois
Stephanie,Whitehouse,53,Female,92 Pond Drive,20th Floor,Albany,New York
Ag,Bane,22,Female,95 Gerald Lane,Apt 1422,New Orleans,Louisiana
Coralyn,Peirone,15,Female,8173 Loomis Junction,Suite 9,Tacoma,Washington
Hamnet,Zemler,15,Male,38 Hintze Alley,PO Box 54541,Flint,Michigan
Tudor,Partrick,90,Male,007 2nd Park,PO Box 49479,Seattle,Washington
Freemon,Thorburn,85,Male,4171 Moulton Street,PO Box 2578,Anderson,Indiana
Jimmie,Glanvill,37,Male,0 Rutledge Court,Suite 57,San Jose,California
Barret,De Laci,15,Male,3 Marcy Alley,Suite 31,Nashville,Tennessee
Elsinore,O'Calleran,63,Female,2 Arizona Trail,PO Box 9909,Apache Junction,Arizona
Monroe,McMurray,35,Male,6 Commercial Road,PO Box 93914,Nashville,Tennessee
Aubrey,Monroe,33,Female,27 Continental Center,Apt 1090,Arlington,Virginia
Pierce,Nock,8,Male,684 Holy Cross Parkway,Apt 187,Cincinnati,Ohio
Frederique,Eilhersen,18,Female,5 Russell Lane,PO Box 82052,Pasadena,California
Tamarah,Trahar,72,Female,8387 Everett Way,Room 1932,Arlington,Virginia
Joana,Lyston,4,Female,601 Ridgeway Crossing,Apt 525,Springfield,Virginia
Felike,Pratton,42,Male,0 Meadow Valley Point,PO Box 42693,Shreveport,Louisiana
Philly,Brownhill,95,Female,336 Kedzie Crossing,Room 115,Ocala,Florida
Giralda,Grinikhinov,39,Female,7099 Continental Parkway,Suite 67,Saint Paul,Minnesota
Ingrim,Laight,19,Male,1 Sutherland Court,PO Box 71390,Houston,Texas
Ly,Reyson,5,Male,106 Melvin Junction,12th Floor,Houston,Texas
Florence,Gallimore,92,Female,92 Vernon Terrace,Apt 1284,Mountain View,California
Nichol,Sailes,65,Female,9 Iowa Crossing,17th Floor,Birmingham,Alabama
Patrica,Cawtheray,23,Female,453 Anhalt Center,Apt 1854,Dallas,Texas
Saba,Goode,60,Female,62 Havey Court,Room 1125,Clearwater,Florida
Dannel,Moulton,71,Male,3 Fuller Road,PO Box 8925,Erie,Pennsylvania
Lucretia,Carah,68,Female,0424 Lunder Hill,PO Box 27541,Boulder,Colorado
Marianne,Marzelli,54,Female,34 Orin Street,Apt 545,Jackson,Mississippi
Bertina,Esslemont,74,Female,2 Quincy Lane,PO Box 86000,Phoenix,Arizona
Taite,Batisse,20,Male,5 Farragut Road,Room 1660,Charleston,South Carolina
Else,Jarrel,8,Female,1707 Springs Avenue,Apt 818,Fort Myers,Florida
Jolynn,Isard,96,Female,26185 Michigan Terrace,Suite 70,Clearwater,Florida
Kingsley,Jelk,88,Male,59879 1st Lane,PO Box 42614,Washington,District of Columbia
Francesco,Cutchey,61,Male,414 Pleasure Circle,Apt 1691,Vero Beach,Florida
Rowney,Fellman,52,Male,746 Moland Drive,Apt 66,Honolulu,Hawaii
Herold,Le Strange,50,Male,10034 Emmet Avenue,15th Floor,Trenton,New Jersey
Nanci,Robertsson,5,Female,662 International Way,Suite 8,Houston,Texas
Blakelee,Moen,32,Female,91 Packers Hill,Room 973,San Diego,California
Flemming,Bremmell,11,Male,9 Lakeland Street,19th Floor,Huntington,West Virginia
Merrile,Breed,90,Female,8 Forster Place,Suite 26,Garden Grove,California
Darren,Rollinson,56,Male,17713 Riverside Avenue,Suite 91,Roanoke,Virginia
Amery,Lidgard,96,Male,9 Scott Pass,Apt 1953,Herndon,Virginia
Florina,Pender,68,Female,021 Erie Street,18th Floor,Tampa,Florida
Ahmad,Southway,41,Male,744 Homewood Crossing,Room 751,Fort Lauderdale,Florida
Talya,Brilleman,100,Female,6654 Vermont Street,Room 722,Kansas City,Missouri
Gabrila,Beynkn,15,Female,1 Autumn Leaf Alley,PO Box 17632,Pensacola,Florida
Oneida,Hatch,13,Female,4884 Mccormick Place,PO Box 17519,Mobile,Alabama
Oralle,O'Dee,15,Female,4029 South Avenue,Suite 34,San Francisco,California
Conrado,Berrow,37,Male,78179 Bobwhite Place,PO Box 38621,Tuscaloosa,Alabama
Tobi,Moine,84,Female,35 Bayside Hill,7th Floor,Tampa,Florida
Alvis,Portingale,24,Male,7 Messerschmidt Point,Apt 1967,Dayton,Ohio
Hayyim,Bushrod,34,Male,96 Sunbrook Court,Suite 46,Pittsburgh,Pennsylvania
Hershel,Woolaghan,85,Male,7 8th Terrace,9th Floor,Philadelphia,Pennsylvania
Tull,Weldon,25,Male,52485 Oxford Road,Apt 975,Las Cruces,New Mexico
Taddeo,Heningam,19,Male,09225 Ludington Parkway,Suite 6,Madison,Wisconsin
Elijah,Smythe,34,Male,703 Forster Terrace,14th Floor,San Diego,California
Waylan,Raulstone,3,Male,8192 Scoville Trail,10th Floor,Torrance,California
Neils,Lufkin,57,Male,90 Bartillon Lane,Room 1967,Longview,Texas
Dallas,Wastall,6,Female,223 Sauthoff Street,PO Box 59832,Washington,District of Columbia
Elnore,Joyce,51,Female,91660 Del Mar Pass,Apt 1099,Buffalo,New York
Lenard,Larne,6,Male,7350 Buena Vista Junction,PO Box 16603,Orlando,Florida
Tanner,Dyball,32,Male,3 Mallard Center,Room 571,Louisville,Kentucky
Chalmers,Ghelarducci,98,Male,4011 Hoepker Way,Room 853,Wilmington,North Carolina
Kathi,Saylor,84,Female,133 Maple Wood Hill,Apt 1209,North Little Rock,Arkansas
Tiphani,Giorgi,71,Female,76888 Fordem Way,4th Floor,Peoria,Illinois
Eleni,Hanmore,52,Female,48 Coolidge Terrace,6th Floor,Fresno,California
Sharity,Everex,40,Female,56 Fallview Court,18th Floor,Buffalo,New York
Marybelle,Hames,36,Female,79 Gerald Court,Suite 77,Evanston,Illinois
Artair,Tims,12,Male,1 Thierer Crossing,Suite 95,Evansville,Indiana
Brittni,Matzeitis,85,Female,64 Carey Center,PO Box 18934,Detroit,Michigan
Kaitlin,Dranfield,24,Female,2571 Gerald Street,8th Floor,Detroit,Michigan
Austine,Haggarty,63,Female,6 Pearson Avenue,Suite 39,Asheville,North Carolina
Emlynn,Whitington,89,Female,882 Badeau Plaza,Room 1883,Mc Keesport,Pennsylvania
Sherye,Gunter,52,Female,68 Dahle Junction,PO Box 20079,Chicago,Illinois
Berne,Ulyet,66,Male,07248 Merry Way,PO Box 38118,Reno,Nevada
Mommy,Brunsden,88,Female,313 American Ash Way,Suite 3,Washington,District of Columbia
Daryl,Jeroch,29,Male,76 Badeau Trail,Room 1793,New Castle,Pennsylvania
Mervin,Young,23,Male,204 Jackson Pass,Room 585,Philadelphia,Pennsylvania
Isabelita,Pelzer,83,Female,409 Mandrake Way,Suite 34,Oklahoma City,Oklahoma
Rachael,Pleace,45,Female,9436 Melrose Court,Room 709,Alexandria,Virginia
Wadsworth,Buick,55,Male,29 Jay Pass,Suite 93,Orange,California
Nappie,Molines,67,Male,30039 Myrtle Avenue,Apt 1411,Tampa,Florida
Georgie,Ligoe,38,Male,424 Lien Crossing,PO Box 9466,Las Vegas,Nevada
Farrah,Hardaway,66,Female,6831 High Crossing Hill,2nd Floor,Kansas City,Missouri
Griff,Wickstead,33,Male,1 Spenser Road,11th Floor,Naples,Florida
Gualterio,Gerb,24,Male,78513 Reindahl Circle,PO Box 41457,Tulsa,Oklahoma
Tamas,Pirkis,21,Male,6 Darwin Street,Apt 698,Des Moines,Iowa
Noah,Sconce,48,Male,6 Everett Junction,PO Box 65944,Dallas,Texas
Margareta,Oakeshott,52,Female,9851 Sloan Terrace,5th Floor,Sacramento,California
Ertha,Regenhardt,52,Female,56 Lukken Hill,Room 1548,Indianapolis,Indiana
Shandee,Houldcroft,97,Female,54878 Duke Place,Room 237,College Station,Texas
Jarrett,Pick,60,Male,09 Harbort Point,Room 740,Spring,Texas
Fionnula,Pedersen,82,Female,8 Heath Park,Apt 854,Honolulu,Hawaii
Lavina,Riguard,77,Female,4 Mifflin Terrace,Suite 94,Detroit,Michigan
Bryana,Clemson,100,Female,743 Crest Line Crossing,Apt 1509,Santa Barbara,California
Toby,Huguet,50,Male,19734 Cambridge Terrace,Apt 1638,Los Angeles,California
Lorena,Winckle,57,Female,504 Sloan Road,PO Box 91050,Rochester,Minnesota
Haroun,Panks,51,Male,403 Raven Road,Room 1326,Saint Petersburg,Florida
Malissia,Patroni,62,Female,0 Heath Trail,Apt 157,El Paso,Texas
Kirk,Budding,44,Male,6056 Ohio Road,14th Floor,Irvine,California
Tommi,Heaslip,61,Female,157 Main Parkway,4th Floor,San Antonio,Texas
Kiel,Jouanot,15,Male,8984 8th Circle,Apt 971,Louisville,Kentucky
Adham,Mungane,84,Male,699 Algoma Junction,Apt 365,Denver,Colorado
Spence,Jorry,14,Male,4 Susan Court,PO Box 55488,Glendale,Arizona
Nert,Cowperthwaite,98,Female,03699 Dorton Plaza,16th Floor,Schenectady,New York
Goldina,Tirrell,79,Female,198 Holmberg Parkway,Suite 26,Chicago,Illinois
Pooh,Chaffyn,3,Male,6 Nevada Lane,2nd Floor,Kansas City,Kansas
Ollie,Mateja,96,Male,09 Carpenter Park,Suite 74,Shawnee Mission,Kansas
Rock,Gerardin,26,Male,1312 Sullivan Way,17th Floor,Washington,District of Columbia
Krystal,Rainbird,1,Female,1304 Doe Crossing Place,15th Floor,Cincinnati,Ohio
Turner,St. Paul,67,Male,8 Judy Trail,Suite 87,Washington,District of Columbia
Claus,Handy,17,Male,46916 Oak Terrace,Room 384,Oakland,California
Adrianne,Hyams,9,Female,612 Ridgeview Court,6th Floor,Phoenix,Arizona
Poppy,Spaxman,53,Female,20113 Steensland Road,Apt 1764,Springfield,Ohio
Christiana,Adderley,95,Female,34 Ramsey Avenue,PO Box 51882,Shawnee Mission,Kansas
Edwina,Vannuccini,44,Female,34796 Nancy Junction,Apt 1695,San Francisco,California
Suki,Seywood,56,Female,116 Becker Terrace,2nd Floor,Zephyrhills,Florida
Nolly,Janauschek,7,Male,16214 Arrowood Court,Apt 1278,Terre Haute,Indiana
Kristopher,Monte,59,Male,4419 Dottie Junction,Suite 33,Cincinnati,Ohio
Jerad,Hamshaw,39,Male,0895 Milwaukee Road,17th Floor,Philadelphia,Pennsylvania
Ignace,Paeckmeyer,40,Male,56895 Dwight Court,11th Floor,Wilmington,Delaware
Corena,Bowering,55,Female,97 Butternut Road,Suite 49,New York City,New York
Giorgia,Olley,31,Female,8 Cambridge Trail,Room 1902,El Paso,Texas
Kiersten,Hayer,23,Female,83 Sugar Lane,Apt 975,Sacramento,California
Tallou,Dougherty,30,Female,4 Farragut Court,7th Floor,Greenville,South Carolina
Rozalin,Jefferies,10,Female,60177 Hintze Way,Room 356,Buffalo,New York
Cullen,Duffell,45,Male,7 Talmadge Place,Room 1296,New York City,New York
Franzen,Sheehy,80,Male,0354 American Ash Crossing,Apt 461,Terre Haute,Indiana
Sofia,Barrington,41,Female,6 Calypso Street,2nd Floor,Columbia,South Carolina
Tammi,Archbald,30,Female,77 Montana Circle,PO Box 98936,San Jose,California
Lora,Dowtry,42,Female,64 Shasta Pass,Suite 92,New York City,New York
Tove,Boor,22,Female,2937 Parkside Parkway,Room 167,Mesa,Arizona
Laurene,Grundy,27,Female,36 Alpine Point,Apt 311,Phoenix,Arizona
Penny,Muscott,6,Male,99984 Bonner Lane,Apt 128,Portland,Oregon
Aylmar,Wolford,74,Male,19 Carioca Place,PO Box 9363,Corpus Christi,Texas
Caryn,Stedall,83,Female,2413 Springview Road,Suite 79,Toledo,Ohio
Tomasine,Theakston,56,Female,60 Beilfuss Terrace,PO Box 17563,Tuscaloosa,Alabama
Blinnie,Selliman,72,Female,35946 Farwell Center,Room 1359,Cincinnati,Ohio
Baxie,Pithie,26,Male,07 Clove Park,20th Floor,Oklahoma City,Oklahoma
Had,Mitchard,86,Male,55 Pawling Road,Suite 34,Panama City,Florida
Celeste,Anstiss,36,Female,5 Hollow Ridge Point,PO Box 63686,Cincinnati,Ohio
Jeno,Hayhurst,86,Male,4257 Scofield Circle,Room 525,Syracuse,New York
Elle,Dury,50,Female,42239 Dennis Junction,PO Box 87082,Wilmington,Delaware
Merissa,Mewhirter,98,Female,65 Atwood Alley,Suite 40,Dallas,Texas
Gertrudis,Pendrich,22,Female,481 Mayer Trail,Room 1890,Fort Worth,Texas
Carolus,Bourhill,56,Male,3061 Mesta Parkway,PO Box 33398,Washington,District of Columbia
Burk,Arendt,22,Male,6 Shasta Junction,Room 596,Long Beach,California
Ashton,Eburne,70,Male,3 International Circle,Apt 1148,Detroit,Michigan
Hadrian,McCrystal,83,Male,3696 Hanover Trail,Apt 1807,Abilene,Texas
Sherline,Girsch,30,Female,2570 Gina Junction,Room 665,Saint Louis,Missouri
Kayley,Smillie,33,Female,4 Merry Point,PO Box 54838,Kent,Washington
Curcio,Tungate,61,Male,16 Vahlen Crossing,PO Box 77328,Minneapolis,Minnesota
Carter,McTurley,79,Male,9256 Fair Oaks Trail,Apt 1106,Sacramento,California
Rockwell,Benka,55,Male,4 Lindbergh Hill,Room 1939,Tampa,Florida
Arlen,Crepel,24,Male,082 Tony Circle,6th Floor,San Luis Obispo,California
Melany,Buxsy,90,Female,040 Brown Trail,7th Floor,Camden,New Jersey
Hillier,Matthesius,54,Male,6965 Northridge Center,Apt 1225,Topeka,Kansas
Eyde,Hennington,42,Female,143 Stephen Avenue,Room 1224,Mobile,Alabama
Livia,Bossingham,32,Female,89770 Scofield Plaza,Apt 765,Pasadena,California
Skip,Smallridge,73,Male,264 Claremont Terrace,Apt 1482,Albany,New York
Brien,Othen,96,Male,9937 Spohn Place,PO Box 29933,Escondido,California
Sharon,Soule,99,Female,9560 Kenwood Court,Suite 18,Sioux City,Iowa
Esme,Kingsmill,6,Male,70071 Pine View Point,Apt 354,Monticello,Minnesota
Abey,Likly,13,Male,52 Esker Pass,Room 798,Sacramento,California
Kassia,Champney,87,Female,8 Bartillon Trail,Suite 82,Rochester,Minnesota
Ulrich,Boswood,73,Male,4 Lakewood Point,Suite 54,Chicago,Illinois
Pandora,Angrave,41,Female,507 Norway Maple Point,Suite 97,Augusta,Georgia
Reba,Looks,2,Female,2 Waubesa Park,Room 489,Jacksonville,Florida
Margie,Yardley,95,Female,670 Brown Junction,Suite 12,Saint Petersburg,Florida
Biddy,Bedle,12,Female,46514 Emmet Park,1st Floor,Memphis,Tennessee
Shelton,Hardson,63,Male,65170 Vera Pass,Suite 14,Norfolk,Virginia
Ashla,Cawker,77,Female,941 Judy Trail,1st Floor,Tucson,Arizona
Vinnie,Dono,61,Male,61 Troy Junction,Room 315,Phoenix,Arizona
Darice,Preddle,45,Female,7 Moland Lane,PO Box 58672,Mobile,Alabama
Melamie,Dencs,86,Female,05 Mallory Point,Room 259,Baton Rouge,Louisiana
Georgine,Sneesby,23,Female,8 Victoria Circle,Suite 16,Flint,Michigan
Willi,Bussetti,4,Female,1 Westerfield Terrace,PO Box 77389,Kansas City,Missouri
Kaye,Stit,66,Female,11 Kropf Circle,PO Box 40438,Long Beach,California
Phaedra,Cowen,63,Female,63746 Lerdahl Crossing,PO Box 5745,Columbia,South Carolina
Ellissa,Melin,62,Female,65 Carioca Crossing,Room 218,San Antonio,Texas
Grethel,Duff,97,Female,73243 Everett Place,10th Floor,San Bernardino,California
Tymothy,Ianelli,76,Male,91832 Roth Center,Apt 1374,Pueblo,Colorado
Mirilla,Fulop,29,Female,0 Huxley Drive,Suite 85,Huntington,West Virginia
Tracey,Pennycock,92,Female,330 Pepper Wood Court,PO Box 73623,San Antonio,Texas
Jeniffer,Gowman,7,Female,8727 Redwing Plaza,Room 1525,Winter Haven,Florida
Bertram,Farlham,54,Male,832 Swallow Court,Room 1714,Columbia,South Carolina
Clea,Hillatt,30,Female,447 Hallows Hill,12th Floor,Washington,District of Columbia
Miran,Skelding,50,Female,99377 Steensland Crossing,Suite 8,Chicago,Illinois
Gabe,Sieghart,68,Male,1650 Debra Court,Apt 1903,Indianapolis,Indiana
Dennison,Ferrick,53,Male,93779 Debra Circle,Apt 502,Irvine,California
Nesta,Jepp,78,Female,0909 Grayhawk Avenue,Apt 1325,Houston,Texas
Hannie,Johansson,50,Female,40612 Northport Circle,PO Box 55241,Ocala,Florida
Beale,Beckwith,25,Male,9279 Kennedy Court,Apt 1797,Philadelphia,Pennsylvania
Frank,Cluitt,30,Female,2026 Northridge Parkway,Suite 13,Houston,Texas
Nanny,Barbary,90,Female,893 Mayer Plaza,Room 1108,Charlotte,North Carolina
Angele,Tellenbrook,65,Female,51 Summit Avenue,PO Box 91280,Dallas,Texas
Forest,Kilcullen,17,Male,10162 Grover Road,Room 766,Dallas,Texas
Bernard,Aitken,82,Male,5 Sage Drive,Apt 778,Austin,Texas
Maryanna,Gainsford,78,Female,30 Shoshone Lane,15th Floor,Phoenix,Arizona
Goran,Muslim,24,Male,7405 Stoughton Street,Room 1418,El Paso,Texas
Honey,Erdis,34,Female,336 Union Place,PO Box 20868,Youngstown,Ohio
Ana,McCrostie,42,Female,89 Amoth Lane,Apt 275,Albuquerque,New Mexico
Lucienne,Punchard,36,Female,2 Barnett Road,Suite 34,New York City,New York
Hercules,Turner,69,Male,4 Hanson Terrace,Suite 82,Miami,Florida
Fonsie,Soans,15,Male,48014 Homewood Alley,Room 1127,Ocala,Florida
Drake,Dymock,11,Male,3 Red Cloud Hill,PO Box 68892,Young America,Minnesota
Dannie,Bloschke,37,Female,4 Larry Crossing,PO Box 84986,Wichita,Kansas
Abdul,Jeffray,9,Male,4380 Delladonna Lane,13th Floor,Bronx,New York
Claudia,Bank,21,Female,1 Canary Terrace,5th Floor,Brooklyn,New York
Irving,Tortoishell,5,Male,34206 Del Sol Terrace,PO Box 65424,Salt Lake City,Utah
Davidson,Laffin,58,Male,72416 Fisk Avenue,Suite 78,Lexington,Kentucky
Georgeta,Brindley,33,Female,4695 Southridge Place,Suite 61,Dayton,Ohio
Constanta,O'Moylane,24,Female,18529 Memorial Avenue,Room 877,Oklahoma City,Oklahoma
Zilvia,Woodwin,74,Female,8 Kennedy Crossing,Suite 55,New York City,New York
Rudolf,Liddyard,10,Male,09 Veith Terrace,Apt 816,Fort Lauderdale,Florida
Wald,Ballantyne,33,Male,366 Milwaukee Circle,PO Box 37852,Pasadena,California
Sigismondo,Goldstraw,43,Male,61111 Becker Street,Room 256,Merrifield,Virginia
Jarrid,McNuff,81,Male,5 Nelson Trail,Apt 814,Vero Beach,Florida
Rebeca,Leitche,17,Female,8 Dryden Alley,PO Box 18562,Kansas City,Missouri
Clarey,Champ,62,Female,198 Almo Avenue,14th Floor,Raleigh,North Carolina
Byram,Haverty,94,Male,40595 Waxwing Drive,PO Box 2054,Richmond,Virginia
Cariotta,Poutress,64,Female,216 Marquette Parkway,Apt 178,El Paso,Texas
Cassie,O'Hickey,49,Female,84829 Messerschmidt Drive,Suite 57,Evansville,Indiana
Skye,Collishaw,61,Male,813 Burning Wood Hill,Room 426,Jackson,Mississippi
Valentine,Dodman,41,Male,32142 Bayside Terrace,PO Box 47942,San Antonio,Texas
Benedict,Pover,11,Male,48 Sunnyside Lane,Room 1273,New York City,New York
Alexis,Andrews,9,Male,40681 Dayton Plaza,11th Floor,Ocala,Florida
Mischa,Matteotti,22,Male,1 7th Center,Room 792,Naples,Florida
Eula,Bond,63,Female,4445 Ridge Oak Avenue,Suite 96,El Paso,Texas
Gianina,Mignot,8,Female,63 Farragut Park,PO Box 66592,Winston Salem,North Carolina
Jonathon,Titman,89,Male,2049 Mifflin Alley,Suite 66,Huntington,West Virginia
Grove,Scarsbrook,89,Male,8 Calypso Way,Apt 386,New York City,New York
Lewie,Greatrex,13,Male,15 Pawling Parkway,Room 259,Tulsa,Oklahoma
Andrej,Jiggen,28,Male,77 Lake View Way,Room 1397,Charleston,South Carolina
Kellia,Galia,65,Female,52373 Waxwing Court,1st Floor,Houston,Texas
Carolee,Puzey,99,Female,1 Twin Pines Court,Suite 87,Great Neck,New York
Jerri,Beininck,64,Male,313 Gulseth Center,PO Box 59619,Kansas City,Missouri
Virgil,Pechell,54,Male,41 Knutson Junction,Apt 23,Minneapolis,Minnesota
Valerie,Gilhooley,7,Female,7 Judy Parkway,16th Floor,Washington,District of Columbia
Sherwin,Ech,88,Male,37233 Green Ridge Center,Room 235,Los Angeles,California
Yulma,Novichenko,87,Male,687 Saint Paul Court,Room 1180,Inglewood,California
Harlin,Ruspine,67,Male,0452 Anniversary Pass,Room 957,Frankfort,Kentucky
Buiron,Willarton,70,Male,04948 Onsgard Place,Suite 36,San Antonio,Texas
Rodrique,Snashall,61,Male,1852 Iowa Plaza,Room 440,Falls Church,Virginia
Jori,Norley,82,Female,872 Crest Line Lane,Room 979,Boston,Massachusetts
Gretal,Yerlett,96,Female,12 Hooker Circle,Room 680,Myrtle Beach,South Carolina
Garret,Haggeth,82,Male,3866 Oak Avenue,2nd Floor,Fresno,California
Kathlin,Mill,57,Female,69346 Carey Road,Apt 605,Boise,Idaho
Cordy,Smallacombe,60,Male,6358 Rieder Road,15th Floor,El Paso,Texas
Miguelita,Kleszinski,38,Female,6 Clove Park,18th Floor,Arlington,Virginia
Bowie,Gergler,89,Male,424 Hanover Avenue,Apt 1864,Colorado Springs,Colorado
Abagael,Matyasik,14,Female,5 7th Junction,PO Box 64204,Wichita,Kansas
Giacobo,Marklow,97,Male,72273 Tomscot Road,PO Box 75268,Louisville,Kentucky
Aldo,Criple,70,Male,1635 Old Shore Center,PO Box 46306,Seattle,Washington
Eddie,Amar,95,Female,3 Redwing Junction,Suite 48,Las Vegas,Nevada
Briggs,Laurence,10,Male,01028 Hermina Place,Room 454,Modesto,California
Alden,Halloway,10,Male,79533 Florence Junction,Suite 55,Greensboro,North Carolina
Morgana,Ableson,37,Female,6794 Heffernan Junction,3rd Floor,Lawrenceville,Georgia
Shell,Armer,84,Male,210 Novick Plaza,10th Floor,Columbus,Mississippi
Shelley,Vedikhov,8,Male,5293 Bonner Junction,PO Box 52279,Fort Pierce,Florida
Godiva,Fradgley,4,Female,493 Mayfield Junction,Suite 24,Harrisburg,Pennsylvania
Cathi,Dobbins,22,Female,7 Merchant Point,Room 1986,Miami,Florida
Isidor,Posselwhite,28,Male,627 Macpherson Trail,Suite 57,Beaumont,Texas
Reider,MacCome,67,Male,60867 Iowa Place,PO Box 45484,Olympia,Washington
Orelle,Sjostrom,66,Female,7 Straubel Terrace,Suite 73,Jacksonville,Florida
Tani,Hehnke,4,Female,45 Arizona Terrace,6th Floor,Chicago,Illinois
Genna,MacBrearty,28,Female,2 Annamark Avenue,PO Box 73225,Chicago,Illinois
Isidore,Skehens,72,Male,6164 Algoma Street,5th Floor,Lynchburg,Virginia
Spence,Hanhard,19,Male,85381 Monica Point,15th Floor,Elizabeth,New Jersey
Orion,Jeannenet,87,Male,75 Killdeer Crossing,Room 220,Topeka,Kansas
Darla,Lister,68,Female,2794 Village Green Avenue,11th Floor,Jackson,Mississippi
Mavra,Laverack,17,Female,17 Crowley Circle,Apt 980,Atlanta,Georgia
Allis,Feaveer,11,Female,945 Almo Center,Room 344,Little Rock,Arkansas
Wally,Prantoni,14,Female,11 Milwaukee Point,Room 1881,San Diego,California
Lynnea,De Minico,40,Female,28 Cody Trail,Apt 450,Bradenton,Florida
Petrina,Swalteridge,24,Female,8 Oneill Park,Room 1033,West Palm Beach,Florida
Harley,Piscotti,23,Female,7 Cherokee Terrace,PO Box 6957,Saint Petersburg,Florida
Estell,Kolin,98,Female,0551 Larry Road,Room 1067,Norfolk,Virginia
Gipsy,McQuaid,63,Female,3 Harbort Place,16th Floor,Hayward,California
Vivyan,Eliet,5,Female,0775 Waxwing Place,PO Box 14457,East Saint Louis,Illinois
Alexandros,Vescovo,84,Male,23117 Coleman Crossing,PO Box 75591,Johnson City,Tennessee
Celinka,Spurman,76,Female,9222 Tony Lane,Room 1780,Racine,Wisconsin
Con,Lebel,87,Male,8853 Daystar Court,Suite 9,Wilmington,Delaware
Markos,Rebanks,30,Male,157 Butterfield Point,PO Box 44520,Amarillo,Texas
Dana,Indge,76,Male,13652 Division Park,PO Box 11409,Springfield,Illinois
Aubree,Fawley,90,Female,54385 Annamark Junction,Apt 595,Meridian,Mississippi
Vinnie,Andraud,32,Female,602 Northview Lane,5th Floor,Columbia,South Carolina
Chane,Holleworth,45,Male,4 Lyons Point,PO Box 55374,Phoenix,Arizona
Tildi,Wedon,53,Female,1 Hazelcrest Terrace,Room 1986,Jersey City,New Jersey
Alexandros,Delwater,58,Male,696 La Follette Alley,Apt 1951,Roanoke,Virginia
Orton,Palfree,13,Male,915 Nova Hill,17th Floor,Lexington,Kentucky
Roley,Bodleigh,34,Male,1 Commercial Circle,Apt 584,Davenport,Iowa
Dion,Goodsal,77,Male,1 Nobel Crossing,Room 1652,Kansas City,Missouri
Ranna,Giovannacc@i,63,Female,2865 Surrey Alley,PO Box 10666,Louisville,Kentucky
Gaby,Burnapp,83,Male,4 Logan Road,5th Floor,Hot Springs National Park,Arkansas
Boyd,Leads,11,Male,4 Arrowood Avenue,Suite 81,Cincinnati,Ohio
Cordula,Alanbrooke,70,Female,724 Loeprich Plaza,Room 254,Hampton,Virginia
Gabriellia,Beartup,92,Female,6 Gina Avenue,13th Floor,Harrisburg,Pennsylvania
Netti,Fydoe,41,Female,05425 Corben Way,PO Box 84525,Boston,Massachusetts
Gage,Redmain,3,Male,16782 Porter Circle,Room 951,Gadsden,Alabama
Crystie,Petyt,23,Female,1 Sugar Center,Room 491,Portland,Oregon
Waneta,Beckett,16,Female,84306 Ohio Alley,9th Floor,Chandler,Arizona
Paulie,Philpotts,68,Male,8 Morning Pass,Room 1481,Billings,Montana
Lorettalorna,Dunleavy,89,Female,64636 Dennis Street,Room 1770,Erie,Pennsylvania
Holly,Andrin,94,Male,5413 Jenifer Drive,11th Floor,Shawnee Mission,Kansas
Mauricio,Gillet,4,Male,56 Fallview Alley,Suite 7,Maple Plain,Minnesota
Hewie,Rooney,57,Male,134 Lunder Way,Room 647,Oklahoma City,Oklahoma
Trescha,Allcock,44,Female,334 Talisman Crossing,8th Floor,Chicago,Illinois
Phillipp,Frankes,33,Male,3938 Tennessee Park,Suite 98,Lexington,Kentucky
Lora,Dommett,94,Female,9657 Troy Drive,Suite 20,Chicago,Illinois
Florinda,Gosney,16,Female,24 Maple Point,PO Box 54629,Canton,Ohio
Delano,Jeakins,17,Male,7 Holmberg Park,Room 362,Los Angeles,California
Brennen,Ferruzzi,71,Male,76819 Prairieview Street,Apt 574,Las Vegas,Nevada
Alastair,Verdun,86,Male,135 Larry Terrace,PO Box 99410,Youngstown,Ohio
Dannie,Menhenitt,95,Male,4278 Corry Pass,Apt 887,South Bend,Indiana
Tirrell,Hackworth,86,Male,5 Logan Point,Room 44,Jacksonville,Florida
Brander,Hawtin,20,Male,71036 Springview Parkway,Room 407,Phoenix,Arizona
Barton,St. Ledger,48,Male,58 Dottie Parkway,15th Floor,Honolulu,Hawaii
Melessa,Mansfield,17,Female,7 Anzinger Pass,Room 16,Canton,Ohio
Eunice,O'Lennane,68,Female,90 Starling Road,3rd Floor,Louisville,Kentucky
Irina,Holley,34,Female,702 Vermont Pass,Apt 1499,New York City,New York
Lief,Treace,21,Male,1609 Rockefeller Court,PO Box 64477,Jackson,Mississippi
Verne,Ever,47,Male,9 Burrows Center,Apt 287,Naples,Florida
Tabby,MacKnocker,56,Male,3448 Merchant Alley,Room 16,Minneapolis,Minnesota
Bendicty,Potell,41,Male,53848 Waxwing Parkway,Room 840,Sioux Falls,South Dakota
Bernardine,Gallamore,85,Female,7456 Anthes Lane,PO Box 48881,Santa Fe,New Mexico
Zonnya,Whiteway,40,Female,584 Vernon Alley,14th Floor,Rochester,New York
Charlene,Sheeres,24,Female,386 Sundown Circle,Apt 727,Van Nuys,California
Gilburt,Vannacci,9,Male,0 Weeping Birch Place,PO Box 71928,Washington,District of Columbia
Lazaro,Ascroft,71,Male,41 Hollow Ridge Center,Suite 37,Albany,New York
Timothea,Hamson,68,Female,866 Mesta Place,Apt 1168,Miami,Florida
Simonne,Indge,86,Female,0747 Nobel Park,Suite 97,Dallas,Texas
Delia,Castane,30,Female,2 Meadow Vale Pass,Room 1555,Levittown,Pennsylvania
Charlton,Kremer,43,Male,4 Maywood Parkway,Suite 19,Detroit,Michigan
Vin,Roderighi,34,Male,8315 Park Meadow Point,10th Floor,Pittsburgh,Pennsylvania
Lib,Hammersley,39,Female,00655 Atwood Road,PO Box 65140,Jacksonville,Florida
Ford,Prettyjohn,8,Male,70041 8th Court,Suite 49,Amarillo,Texas
Berny,Legh,35,Female,5315 Swallow Pass,Room 1593,Corpus Christi,Texas
Melisse,Reinhardt,54,Female,606 Jay Hill,Suite 64,Scranton,Pennsylvania
Royal,Woolvett,64,Male,59 Melvin Center,PO Box 97221,Houston,Texas
Jo-ann,Ruddell,90,Female,65965 Fremont Circle,6th Floor,Amarillo,Texas
Idaline,Gatfield,56,Female,2 Dovetail Point,Room 444,Des Moines,Iowa
Flint,Gallemore,38,Male,5 Bay Park,Suite 36,New York City,New York
Normie,Wanless,41,Male,35788 Stoughton Street,Room 948,Pensacola,Florida
Antonius,Scothron,34,Male,9 Scott Place,PO Box 43660,Santa Ana,California
Lizabeth,Vankin,45,Female,50905 Oakridge Circle,Room 184,Harrisburg,Pennsylvania
Duky,Kernes,60,Male,558 Duke Hill,Room 670,Fort Wayne,Indiana
Milicent,Notman,47,Female,4770 Banding Road,Suite 84,Moreno Valley,California
Bearnard,Minghella,20,Male,9409 Derek Hill,Room 1917,Miami Beach,Florida
Pepita,Flipsen,95,Female,9071 Linden Hill,Room 1837,Winter Haven,Florida
Pepita,Gaymer,77,Female,3 Bartelt Crossing,PO Box 62389,Vero Beach,Florida
Eddy,MacEnelly,98,Female,32246 Westend Drive,Suite 59,Washington,District of Columbia
Der,Horrod,58,Male,894 Derek Pass,Suite 66,Chicago,Illinois
Brita,Antham,69,Female,6 Bobwhite Trail,Room 1661,Stockton,California
Frankie,Stockey,6,Female,85916 Cody Avenue,Room 2000,Lancaster,California
Bethany,MacConnal,88,Female,43358 Washington Way,2nd Floor,Washington,District of Columbia
Oralle,Feldhorn,64,Female,203 Thackeray Parkway,18th Floor,Honolulu,Hawaii
Elane,Kelle,7,Female,456 Stephen Drive,5th Floor,Baltimore,Maryland
Burt,Lapham,5,Male,8795 Goodland Parkway,Suite 77,Prescott,Arizona
Benson,Lucken,95,Male,8 Westerfield Park,PO Box 15026,Phoenix,Arizona
Ethe,Bubbings,43,Male,4125 Northfield Drive,Room 1253,Austin,Texas
Bing,Haselhurst,9,Male,3352 Summer Ridge Court,Room 5,Fort Smith,Arkansas
Lorraine,Orrey,93,Female,91 6th Drive,Room 1281,Philadelphia,Pennsylvania
Kessia,Digweed,95,Female,43 David Road,Apt 1216,Sioux City,Iowa
Vlad,Remon,43,Male,53149 Hudson Point,Suite 11,Fort Lauderdale,Florida
Town,Strathman,42,Male,975 Manufacturers Pass,Apt 1703,Conroe,Texas
Wilona,Simonsen,5,Female,38 Westend Junction,Room 1853,Tucson,Arizona
Farlie,Ashwell,7,Male,1481 Green Ridge Terrace,PO Box 94251,Miami,Florida
Alberik,Frigout,43,Male,53 Haas Place,Apt 1864,Buffalo,New York
Alexina,Bog,27,Female,1032 American Ash Plaza,Suite 39,Albuquerque,New Mexico
Terri,Winmill,82,Male,35 Meadow Ridge Alley,PO Box 21292,Evansville,Indiana
Paxton,Cranefield,13,Male,738 Dahle Place,PO Box 57579,Amarillo,Texas
Valentine,Solesbury,48,Male,11 Twin Pines Center,Room 488,Spring Hill,Florida
Gene,Mawhinney,67,Female,1718 High Crossing Avenue,10th Floor,New York City,New York
Darius,Anker,68,Male,822 Debs Crossing,Suite 31,West Palm Beach,Florida
Calvin,Angear,95,Male,90 Caliangt Street,PO Box 88499,Tulsa,Oklahoma
Joseito,Olwen,29,Male,708 Burning Wood Alley,Suite 97,Herndon,Virginia
Hyacintha,Cabrer,64,Female,4 Prairieview Plaza,PO Box 34484,New York City,New York
Marna,Jirusek,7,Female,8 Loftsgordon Place,5th Floor,Lexington,Kentucky
Morlee,Whyke,6,Male,592 Lerdahl Court,PO Box 35518,Waltham,Massachusetts
Cord,Kinlock,11,Male,2885 Tony Hill,20th Floor,Houston,Texas
Myrtia,Machan,43,Female,7 Jay Alley,Suite 91,Los Angeles,California
Ollie,Morpeth,16,Female,7 Del Mar Parkway,2nd Floor,Washington,District of Columbia
Randa,Wallace,55,Female,7917 Manufacturers Way,Suite 5,Spring Hill,Florida
Flin,Hegdonne,66,Male,365 Bartillon Park,Apt 552,Grand Rapids,Michigan
Margeaux,Barwick,70,Female,3 Anniversary Drive,Suite 10,Naples,Florida
Kelli,Pregel,45,Female,14197 Brickson Park Street,Suite 10,New York City,New York
Guilbert,Roscow,64,Male,192 Erie Lane,Suite 28,Jersey City,New Jersey
Tarrah,Laba,56,Female,281 Old Shore Road,PO Box 43785,Tampa,Florida
Royce,Zannolli,57,Male,31219 Bay Trail,5th Floor,New York City,New York
Quent,Axtonne,91,Male,3808 Manley Street,Suite 38,Wilmington,Delaware
Rodolph,Welburn,51,Male,8761 Shopko Road,Suite 43,Erie,Pennsylvania
Rosalie,Cocklin,75,Female,6 Grim Circle,Apt 634,Hartford,Connecticut
Prentiss,Suller,29,Male,3 David Hill,PO Box 83578,Longview,Texas
Warde,Normant,42,Male,7 Granby Center,13th Floor,Saint Paul,Minnesota
Willetta,Biggerstaff,28,Female,69 Loeprich Plaza,8th Floor,Portland,Oregon
Jule,Burds,14,Male,4557 Helena Hill,Suite 68,Bakersfield,California
Shalom,Balsellie,79,Male,562 Basil Parkway,Suite 55,Charlotte,North Carolina
Engracia,Reely,79,Female,42524 Forest Dale Court,Suite 92,Milwaukee,Wisconsin
Emmalee,Wills,89,Female,7510 Stuart Circle,Apt 934,Hampton,Virginia
Christabella,Gremane,55,Female,45585 Village Green Crossing,Apt 1766,Santa Monica,California
Carolyne,Anders,46,Female,2600 Fairfield Crossing,Suite 92,Pittsburgh,Pennsylvania
Josephine,Higgen,81,Female,74 Maryland Trail,Room 978,Milwaukee,Wisconsin
Falkner,Tabb,49,Male,77 Kenwood Point,Room 682,Milwaukee,Wisconsin
Beverlee,Southon,52,Female,44412 Kropf Avenue,PO Box 85434,Grand Rapids,Michigan
Moise,Buff,26,Male,5 Miller Lane,Suite 53,Denver,Colorado
Charlena,Howford,7,Female,6 Elgar Center,PO Box 43294,Columbus,Ohio
Ash,Giovannetti,86,Male,494 Hermina Trail,PO Box 77191,Tacoma,Washington
Ingrid,Jermin,87,Female,3478 Eggendart Alley,Suite 68,South Bend,Indiana
Finn,Van Driel,35,Male,9 Karstens Parkway,Apt 191,Asheville,North Carolina
Marje,Reay,55,Female,8034 Merchant Park,Suite 55,Kingsport,Tennessee
Roselia,McDuall,79,Female,417 Tony Plaza,4th Floor,Roanoke,Virginia
Janka,McGrotty,17,Female,9405 Darwin Center,PO Box 84970,Tulsa,Oklahoma
Arnold,Tellenbroker,28,Male,95257 Lakewood Gardens Center,Suite 52,Newport News,Virginia
Daile,Blennerhassett,74,Female,47 Holy Cross Road,Room 79,Nashville,Tennessee
Kath,Ewers,59,Female,8269 Eastwood Point,Room 259,Fort Myers,Florida
Bettina,Filde,84,Female,6846 Burning Wood Street,PO Box 26890,Spokane,Washington
Henriette,Ipgrave,27,Female,7407 Ridgeway Circle,Suite 49,New York City,New York
Teddi,Walczynski,62,Female,546 Maple Park,Apt 367,Jersey City,New Jersey
Leila,Philips,15,Female,31678 Hoard Road,Room 1772,Phoenix,Arizona
Evvie,Inglis,32,Female,66 5th Parkway,Apt 696,Seattle,Washington
Corella,Diggle,61,Female,337 Charing Cross Plaza,PO Box 65978,Detroit,Michigan
Judi,Yeatman,13,Female,600 Fallview Point,Apt 1830,Charlotte,North Carolina
Huntley,Minichi,52,Male,731 Heffernan Hill,Room 1354,Jacksonville,Florida
Aline,Mordy,8,Female,0 School Plaza,10th Floor,Milwaukee,Wisconsin
Winnie,Newe,28,Female,17041 Moulton Drive,Suite 45,Nashville,Tennessee
Nancey,Greave,85,Female,437 Elgar Terrace,Apt 1670,Whittier,California
Renard,Pelham,23,Male,00 Fieldstone Trail,5th Floor,Springfield,Illinois
Andonis,Doull,25,Male,0021 2nd Road,PO Box 85188,Ocala,Florida
Bax,Shutt,46,Male,7083 Blue Bill Park Junction,Apt 892,Naples,Florida
Stanislas,Lembcke,73,Male,13 Waxwing Point,Room 1561,Huntington,West Virginia
Abbye,Harpur,1,Female,2 Melody Center,Room 1915,Santa Barbara,California
Dorian,Lening,97,Female,7164 Hudson Street,7th Floor,Washington,District of Columbia
Arch,Teresa,82,Male,61186 International Crossing,10th Floor,Inglewood,California
Brittany,Dudhill,13,Female,71 Declaration Road,Suite 82,Salt Lake City,Utah
Lauren,Elger,36,Male,34 Sundown Place,3rd Floor,Jackson,Mississippi
Sandye,Ropars,11,Female,7888 Lindbergh Terrace,Suite 84,New Bedford,Massachusetts
Web,Freda,52,Male,32 Dahle Drive,17th Floor,Columbus,Georgia
Isador,Blunsum,31,Male,974 Calypso Pass,3rd Floor,Cleveland,Ohio
Berri,Gentiry,24,Female,094 Delladonna Center,Apt 540,Dallas,Texas
Aluin,Drewet,91,Male,66 Dennis Parkway,Apt 1412,Pittsburgh,Pennsylvania
Leesa,McMeekin,99,Female,06 Ridgeway Street,PO Box 13685,Wilmington,Delaware
Maurits,Dymock,71,Male,3 North Pass,PO Box 54142,Flint,Michigan
Roberto,Craigg,35,Male,9 Prairieview Place,Suite 66,Portland,Oregon
Lib,Vlasin,9,Female,03 Goodland Alley,13th Floor,Memphis,Tennessee
Gawain,Ferrick,10,Male,5 Dexter Trail,11th Floor,Davenport,Iowa
Selena,Itzcovichch,28,Female,5149 Roth Plaza,PO Box 7621,Kansas City,Missouri
Chet,Dawton,61,Male,358 Schiller Alley,PO Box 51874,Naples,Florida
Efren,Standish,90,Male,15963 Mariners Cove Drive,PO Box 64523,San Jose,California
Fee,Malim,68,Male,7 Bultman Crossing,Apt 1481,San Antonio,Texas
Annabell,Totton,31,Female,5719 Red Cloud Pass,PO Box 46388,Amarillo,Texas
Bird,Mowsdill,77,Female,241 Summerview Center,Suite 84,Naples,Florida
Arch,Hurle,65,Male,936 Brickson Park Way,PO Box 63457,Charleston,West Virginia
Augie,Heinl,23,Male,763 Buena Vista Crossing,Room 579,Oakland,California
Alexandre,Gepp,48,Male,1282 Stuart Park,Apt 1846,Houston,Texas
Lynda,Ducker,20,Female,95878 Paget Plaza,PO Box 5462,Daytona Beach,Florida
Merrilee,Galliver,13,Female,36461 Lillian Lane,Room 1248,Wilmington,Delaware
Kalle,Wroughton,48,Male,3 Service Pass,Room 433,Minneapolis,Minnesota
Darrick,Sparrow,60,Male,88111 Stuart Plaza,Apt 88,Seattle,Washington
Hailey,Axtens,75,Male,96 Quincy Junction,Room 18,Saint Louis,Missouri
Trey,Buggy,16,Male,4 Springs Street,Suite 90,Chesapeake,Virginia
Ediva,Marklow,25,Female,916 Spenser Crossing,Suite 94,Saint Louis,Missouri
Celestyn,Booth,23,Female,70 Hagan Circle,Apt 948,Seattle,Washington
Donetta,Falk,72,Female,37483 Havey Terrace,Room 1105,Monroe,Louisiana
Ermentrude,Floweth,22,Female,1522 Annamark Crossing,Suite 30,Washington,District of Columbia
Cart,Cutress,48,Male,0 American Center,Suite 4,Atlanta,Georgia
Pebrook,Laughlan,16,Male,37 Warner Lane,Room 749,Kansas City,Missouri
Alec,MacCrackan,28,Male,35551 Mendota Hill,Apt 1020,Wichita,Kansas
Ginnifer,Haack,74,Female,60 Jenna Trail,9th Floor,Hampton,Virginia
Shepard,Skittreal,87,Male,67058 Homewood Plaza,PO Box 1835,Milwaukee,Wisconsin
Saunderson,Huggens,6,Male,72641 Westport Lane,Room 866,Buffalo,New York
Glenn,Fawke,33,Male,4685 Maple Way,Suite 77,Stamford,Connecticut
Liv,Battista,1,Female,1708 Hovde Lane,PO Box 57568,Washington,District of Columbia
Lizzy,Ivanshintsev,16,Female,9 Brown Drive,Suite 1,Washington,District of Columbia
Jeramey,Carlin,96,Male,26 Magdeline Park,14th Floor,Lincoln,Nebraska
Marlowe,Brickhill,35,Male,5 Westport Point,Room 861,Salt Lake City,Utah
Orelle,Birrell,57,Female,7 Roth Court,Suite 26,Pasadena,California
Michal,Fer,78,Male,9 Northwestern Lane,PO Box 79804,Saint Louis,Missouri
Vicky,Leask,74,Female,83378 Arizona Alley,Suite 42,Huntington,West Virginia
Ursulina,Harral,98,Female,04486 Red Cloud Trail,Suite 25,Waco,Texas
Suki,Steger,64,Female,81209 Sunbrook Avenue,PO Box 85160,Fairbanks,Alaska
Bettina,Rao,67,Female,9 Truax Park,Suite 28,Frederick,Maryland
Portia,Guys,84,Female,8 Superior Drive,Room 478,Kent,Washington
Bernadina,Postlethwaite,55,Female,68550 Acker Court,Apt 1596,Wilmington,Delaware
Spencer,Carrington,6,Male,8 South Circle,Room 1296,Lynchburg,Virginia
Howey,Licciardiello,90,Male,061 Becker Alley,PO Box 83401,Utica,New York
Idalia,Benfield,85,Female,6868 Comanche Place,PO Box 86568,Phoenix,Arizona
Abbi,Charge,88,Female,6 1st Road,Room 426,Montgomery,Alabama
Rea,Jeduch,27,Female,15 Cody Lane,Suite 68,Cape Coral,Florida
Karlie,Teulier,63,Female,1 Esker Parkway,Suite 90,Sacramento,California
Gasparo,Bilt,89,Male,00903 Kings Circle,18th Floor,Madison,Wisconsin
Allie,Kelleway,7,Female,29351 Loeprich Place,3rd Floor,Dayton,Ohio
Helaina,Crowcher,76,Female,2 Blue Bill Park Place,1st Floor,Racine,Wisconsin
Mirabel,Libbis,68,Female,5 Sauthoff Alley,Apt 127,Houston,Texas
Mella,Dogerty,34,Female,1249 Mayer Road,5th Floor,Flushing,New York
Latia,Vakhonin,58,Female,42 Green Ridge Place,Room 1646,Shawnee Mission,Kansas
Cecil,Pinshon,18,Male,700 Hooker Junction,PO Box 99671,Washington,District of Columbia
Theodore,Clinkard,27,Male,1 Pennsylvania Center,Room 1525,Birmingham,Alabama
Lynnett,Allanby,63,Female,8 Portage Trail,6th Floor,Saint Paul,Minnesota
Lindy,Coalbran,33,Male,397 Scofield Way,Suite 26,Oceanside,California
Giavani,Bilsland,80,Male,806 Green Court,PO Box 11032,Seattle,Washington
Shannah,Scholl,76,Female,1 Paget Place,Apt 841,New York City,New York
Gordan,Comben,16,Male,0419 Memorial Street,11th Floor,Augusta,Georgia
Garey,Stobbie,63,Male,3 Del Mar Crossing,Suite 49,Huntington Beach,California
Cecilia,McRitchie,75,Female,18588 Clemons Park,Apt 317,Omaha,Nebraska
Saxon,Yukhin,35,Male,59662 Sugar Trail,Suite 16,Spartanburg,South Carolina
Amerigo,Navarre,60,Male,95 Jay Place,6th Floor,San Antonio,Texas
Ursa,Pates,62,Female,9 Meadow Valley Circle,PO Box 90119,Columbia,South Carolina
Eloisa,Pinder,58,Female,25917 Aberg Place,Room 1700,Clearwater,Florida
Marrilee,McKeggie,10,Female,883 Bay Terrace,Apt 1489,Largo,Florida
Nathalie,Pendlington,67,Female,08 Johnson Place,Room 179,Pomona,California
Brenda,Rankcom,31,Female,82 Loeprich Hill,Suite 97,Elizabeth,New Jersey
Vonnie,Antonio,89,Female,79709 Badeau Road,PO Box 23432,Austin,Texas
Melloney,Topaz,37,Female,56299 Little Fleur Drive,5th Floor,Birmingham,Alabama
Gladi,Grinvalds,97,Female,1 Sutherland Point,Suite 11,Albuquerque,New Mexico
Minnaminnie,Salt,66,Female,86953 Derek Court,Room 1514,Augusta,Georgia
Mikol,Besson,46,Male,00 Emmet Court,Suite 97,Tulsa,Oklahoma
Derrick,Milliken,95,Male,543 Russell Plaza,Room 511,Birmingham,Alabama
Leighton,MacLaughlin,53,Male,6 Raven Trail,Suite 15,Battle Creek,Michigan
Jean,Cannicott,61,Female,906 Nelson Park,Room 1157,Rockford,Illinois
Dori,Damerell,37,Female,7 Hanson Street,Suite 60,Duluth,Georgia
Nellie,Atwel,97,Female,4135 Merrick Circle,Suite 72,Wichita,Kansas
Arielle,Kupker,9,Female,5 Village Drive,PO Box 21084,Jackson,Mississippi
Tuesday,Butting,96,Female,61 Esch Center,Suite 70,Houston,Texas
Cordy,Lowder,43,Male,54 Crownhardt Pass,Room 717,Cumming,Georgia
Fidelity,Doward,5,Female,727 Cardinal Trail,Room 64,Norfolk,Virginia
Yule,Jakubovski,86,Male,98 Clemons Way,Apt 591,Memphis,Tennessee
Valentia,Bramwich,65,Female,27 Boyd Lane,Suite 96,Naples,Florida
Orly,Besnardeau,17,Female,94 Dayton Way,Apt 1349,Buffalo,New York
Melody,De Robertis,59,Female,57 Mayfield Trail,Suite 35,Peoria,Illinois
Andras,Seres,5,Male,0317 Jenifer Pass,Suite 52,Portland,Oregon
Mag,Hagston,73,Female,2465 Nancy Place,Apt 1771,Fresno,California
Kathryn,Faughnan,21,Female,6784 Marcy Point,Suite 79,Washington,District of Columbia
Ardys,MacSween,59,Female,3024 Bartelt Road,Suite 82,Los Angeles,California
Christiane,Luckings,9,Female,0 Prairieview Drive,Room 1213,Huntsville,Texas
Flory,Demcak,53,Female,39 Menomonie Drive,9th Floor,Bronx,New York
Marchelle,Teffrey,10,Female,158 Roxbury Circle,Apt 661,Long Beach,California
Pepita,Landal,39,Female,01 Browning Avenue,7th Floor,Katy,Texas
Mohandas,Lightbourne,34,Male,2 Dahle Hill,Suite 59,Lubbock,Texas
Ailee,Stoaks,81,Female,43 Manitowish Junction,Suite 44,Waterbury,Connecticut
Ashia,Zoren,81,Female,7 Rigney Alley,PO Box 56272,Kansas City,Missouri
Ugo,Grealey,6,Male,1600 Oak Valley Park,PO Box 41081,Jacksonville,Florida
Rinaldo,Linwood,33,Male,24222 Debs Terrace,Room 1521,Los Angeles,California
Mic,Shopcott,17,Male,6 Bluestem Avenue,7th Floor,Saint Petersburg,Florida
Lexine,de Pinna,95,Female,96 Schurz Pass,Apt 603,San Diego,California
Laird,Mackerel,83,Male,536 West Pass,Suite 64,Lynn,Massachusetts
Helge,Corteis,48,Female,4639 David Center,7th Floor,El Paso,Texas
Dynah,Seed,93,Female,1 Golf Course Trail,Apt 1291,Lansing,Michigan
Fayette,Luebbert,92,Female,8913 Surrey Avenue,Room 1393,Grand Rapids,Michigan
Orelee,Stracey,96,Female,9384 Orin Crossing,Room 745,Mobile,Alabama
Jourdain,Shippey,20,Male,06870 Sage Alley,7th Floor,North Las Vegas,Nevada
Putnam,Mabey,69,Male,64 Delladonna Point,PO Box 35671,Pasadena,California
Gerhardt,Bidwell,9,Male,247 Fallview Avenue,Apt 879,Amarillo,Texas
Mitch,Casseldine,16,Male,3 Pearson Lane,5th Floor,Des Moines,Iowa
Glennie,Seymark,36,Female,923 David Place,Apt 1469,Littleton,Colorado
Natalie,Maliffe,68,Female,2 Bashford Pass,Room 1773,Jackson,Mississippi
Britte,Scobbie,86,Female,61930 Main Place,1st Floor,Homestead,Florida
Mathilde,Popov,8,Female,3540 Sherman Plaza,16th Floor,Fargo,North Dakota
Bentlee,Goodanew,94,Male,95556 Forest Dale Drive,9th Floor,Anchorage,Alaska
Concordia,Grutchfield,19,Female,75 Briar Crest Crossing,PO Box 63410,Jefferson City,Missouri
Lauree,Guiton,6,Female,0332 Cardinal Crossing,Apt 362,New York City,New York
Kippy,Odom,51,Female,4 Raven Street,Room 1267,Valley Forge,Pennsylvania
My,Millier,13,Male,7683 Mayfield Road,PO Box 25359,Galveston,Texas
Derron,Boot,99,Male,0 Schmedeman Lane,4th Floor,Mobile,Alabama
Salomi,Beden,18,Female,62772 Algoma Place,Room 1994,Raleigh,North Carolina
Morry,Wayland,30,Male,0909 East Crossing,Room 278,Baton Rouge,Louisiana
Sella,Dyshart,12,Female,62470 Northfield Hill,Apt 596,Columbia,South Carolina
Yance,Vanes,50,Male,7 Manufacturers Alley,6th Floor,San Jose,California
Manolo,Hammand,37,Male,547 Ohio Way,Apt 1889,Sioux Falls,South Dakota
Tani,Brewett,98,Female,6 Brickson Park Point,Room 952,Syracuse,New York
Duke,Stanier,50,Male,11 Pine View Place,Room 498,Portland,Oregon
Cilka,Kemwal,2,Female,6 Derek Hill,14th Floor,Charlotte,North Carolina
Ulric,Arents,31,Male,30818 Corscot Park,Room 1129,Washington,District of Columbia
Payton,Heninghem,78,Male,9 Bonner Alley,Suite 54,Washington,District of Columbia
Lula,Vanderplas,56,Female,94 Meadow Valley Junction,PO Box 12295,Alhambra,California
Hillary,Hagger,99,Female,5175 Clarendon Court,12th Floor,New York City,New York
Krysta,Demcik,75,Female,820 Burning Wood Avenue,Room 1959,Santa Rosa,California
Gino,Bould,19,Male,14 4th Court,PO Box 67657,San Antonio,Texas
Olenolin,Louch,34,Male,5538 Norway Maple Road,PO Box 34230,Amarillo,Texas
Hattie,Pate,73,Female,1 Pepper Wood Plaza,19th Floor,Tallahassee,Florida
Lynett,Debrett,20,Female,1 Autumn Leaf Circle,3rd Floor,Dayton,Ohio
Mike,Heinzler,56,Male,415 New Castle Parkway,Suite 79,Washington,District of Columbia
Valeda,Thrussell,81,Female,9 Glacier Hill Avenue,Room 1744,Santa Monica,California
Sim,Listone,62,Male,6268 Fallview Crossing,Room 1007,Garden Grove,California
Jeremiah,Chretien,91,Male,92 Moland Way,6th Floor,Virginia Beach,Virginia
Marleen,Lafferty,93,Female,39 Oriole Center,Suite 43,El Paso,Texas
Doris,Povlsen,6,Female,16683 Porter Point,18th Floor,Wichita,Kansas
Renato,Jacquemet,15,Male,9576 Burning Wood Circle,Suite 26,Dallas,Texas
Patrice,Klehyn,10,Female,7609 Hallows Alley,PO Box 72235,Lexington,Kentucky
Wilona,Osman,78,Female,65845 Dapin Park,17th Floor,Hicksville,New York
Zorana,Sappy,90,Female,9 Fieldstone Circle,PO Box 97812,Seattle,Washington
Berni,Pinwill,91,Female,98149 Valley Edge Terrace,Suite 87,Salt Lake City,Utah
Garth,Issacoff,5,Male,09 Thompson Lane,Apt 243,New Hyde Park,New York
Reinwald,Whitney,37,Male,341 Corben Court,14th Floor,El Paso,Texas
Colline,Espinosa,12,Female,82427 Brickson Park Parkway,Apt 836,Fresno,California
Tymon,Levinge,100,Male,2117 Linden Junction,PO Box 88552,Bridgeport,Connecticut
Paco,Obbard,95,Male,3 Memorial Avenue,Room 1591,Atlanta,Georgia
Corine,Stonhard,66,Female,3781 Burning Wood Park,6th Floor,Arlington,Virginia
Evelin,Kiddy,25,Male,1796 Burrows Way,11th Floor,Jacksonville,Florida
Rois,Bewicke,72,Female,566 Clemons Junction,13th Floor,Johnson City,Tennessee
Osmund,Vallantine,34,Male,87 Heath Circle,PO Box 70470,Flint,Michigan
Jody,Ludee,22,Female,7689 Elka Court,Apt 759,Staten Island,New York
Mauricio,Wharton,32,Male,15731 Hauk Way,10th Floor,Murfreesboro,Tennessee
Agnesse,Hair,21,Female,65 Maryland Parkway,PO Box 40333,El Paso,Texas
Berrie,Martini,32,Female,6070 Arrowood Place,Apt 61,Fresno,California
Corny,Deftie,73,Male,0700 Utah Hill,3rd Floor,Columbus,Ohio
Noelle,Cuningham,40,Female,5 5th Point,Suite 86,Charlotte,North Carolina
Isacco,Jelks,30,Male,103 Sachs Circle,Suite 3,Jackson,Mississippi
Jeanette,Foad,96,Female,80812 Mayer Pass,11th Floor,Watertown,Massachusetts
Kerwinn,McIntee,82,Male,0 Ridgeview Drive,Room 1630,West Palm Beach,Florida
Pat,Piggens,12,Female,6 Rieder Place,PO Box 89669,Houston,Texas
Patrice,Harmstone,44,Male,8563 Johnson Crossing,PO Box 66080,Charleston,South Carolina
Alix,Maydwell,64,Female,9 Maryland Crossing,PO Box 33149,Dallas,Texas
Hymie,Duignan,26,Male,62 Surrey Circle,19th Floor,Jackson,Mississippi
Borg,Alderwick,72,Male,3 Fairview Parkway,12th Floor,Bethesda,Maryland
Nev,Sorsby,52,Male,82379 North Road,4th Floor,Indianapolis,Indiana
Quill,Marklin,22,Male,1 Butternut Parkway,Room 628,Charlotte,North Carolina
Liesa,Remer,78,Female,94716 Bay Parkway,6th Floor,Tampa,Florida
Russ,Wooller,19,Male,74434 Burrows Terrace,PO Box 78717,Alexandria,Virginia
Cary,Challoner,10,Female,9662 Columbus Junction,Room 1896,Birmingham,Alabama
Shelia,Cassimer,62,Female,68000 Arrowood Pass,Apt 1558,Tampa,Florida
Jae,Kilbey,10,Male,81 Hintze Center,Apt 764,Flint,Michigan
Leonard,Hanhardt,50,Male,8 Lakewood Park,2nd Floor,Lexington,Kentucky
Lianna,Twelvetree,66,Female,2 Bellgrove Circle,12th Floor,San Diego,California
Rochella,Driver,66,Female,801 Dovetail Hill,2nd Floor,Atlanta,Georgia
Ed,Rhydderch,59,Male,66323 Summerview Crossing,PO Box 10543,Los Angeles,California
Carlita,Le Conte,9,Female,72139 Bluestem Avenue,8th Floor,New York City,New York
Kahaleel,Kliche,3,Male,31 Dakota Drive,Suite 21,Memphis,Tennessee
Shelby,Stapele,8,Male,932 Scofield Avenue,Room 810,Columbia,South Carolina
Jens,MacNalley,15,Male,2864 Burrows Crossing,Suite 26,Temple,Texas
Vidovic,Piatkow,74,Male,3 Porter Road,PO Box 55751,Nashville,Tennessee
Dukie,Masser,30,Male,307 Oxford Avenue,Room 1575,Fort Myers,Florida
Maisey,Giacopelo,64,Female,27 Texas Way,PO Box 51553,Longview,Texas
Henrik,Pinder,22,Male,5 Pierstorff Parkway,PO Box 18668,Silver Spring,Maryland
Beulah,Kleinber,45,Female,689 Trailsway Avenue,Apt 1715,Shawnee Mission,Kansas
Cecilio,Allender,17,Male,024 Dorton Place,18th Floor,Phoenix,Arizona
Lyssa,Brimmell,59,Female,54 Hayes Trail,Apt 1248,Durham,North Carolina
Lek,Leed,59,Male,7474 Morrow Alley,Apt 240,Wilmington,Delaware
Andres,Haily,41,Male,5225 Independence Park,Suite 36,Boise,Idaho
Sukey,Glamart,11,Female,0 Veith Street,9th Floor,New York City,New York
Benjamen,Martinovic,72,Male,7 Hanover Street,PO Box 16265,Greenville,South Carolina
Padgett,MacAleese,90,Male,19478 Milwaukee Terrace,3rd Floor,Laurel,Maryland
Quintina,Dat,59,Female,156 Annamark Pass,Suite 2,Herndon,Virginia
Nealy,Motten,84,Male,283 Evergreen Place,PO Box 15075,Hattiesburg,Mississippi
Lauren,MacGarvey,31,Male,1 West Crossing,Suite 53,Amarillo,Texas
Hazel,Duddle,7,Male,52 Raven Plaza,Room 404,Schenectady,New York
Inna,Elsdon,78,Female,11162 Petterle Crossing,PO Box 54161,Oklahoma City,Oklahoma
Ferris,Entwisle,92,Male,2732 Judy Plaza,Suite 50,Washington,District of Columbia
Friederike,Markovic,74,Female,3 Boyd Lane,PO Box 83240,Lincoln,Nebraska
Alexio,Lutsch,42,Male,59960 Del Mar Court,Apt 1697,Pompano Beach,Florida
Thia,Murrhardt,73,Female,216 Ruskin Lane,PO Box 16098,Sacramento,California
Napoleon,Leatherborrow,92,Male,03792 Sundown Pass,PO Box 83400,Dayton,Ohio
Itch,Kundt,12,Male,8 Summerview Park,PO Box 55328,Oklahoma City,Oklahoma
Faustina,Silvester,16,Female,22 Cordelia Drive,20th Floor,Portland,Oregon
Burnaby,Godspede,23,Male,8 Upham Park,Apt 1046,Omaha,Nebraska
Halley,Longden,61,Female,90250 Hovde Plaza,Apt 335,Glendale,California
Bobinette,Stutte,53,Female,0 Shasta Junction,Apt 89,New Haven,Connecticut
Christie,Ianniello,74,Male,27670 Veith Court,7th Floor,Atlanta,Georgia
Pip,Oleshunin,75,Male,94819 Chinook Plaza,7th Floor,Spartanburg,South Carolina
Denny,Stiven,66,Female,5 Lillian Circle,PO Box 91214,Los Angeles,California
Briney,Consterdine,42,Female,37402 Monica Trail,PO Box 58329,Cincinnati,Ohio
Benedicta,Schops,90,Female,97 Ryan Place,8th Floor,New Orleans,Louisiana
Yoshiko,Lamburne,82,Female,11625 Fairfield Park,16th Floor,Los Angeles,California
Lowrance,Barzen,84,Male,5 Golf View Terrace,Room 1494,Washington,District of Columbia
Chandal,Priel,27,Female,35 Shoshone Court,Room 297,Buffalo,New York
Guntar,Gerriet,2,Male,56025 Thierer Drive,PO Box 18044,Fresno,California
Lynette,Buscher,7,Female,80 Village Drive,Room 359,Charlotte,North Carolina
Roanna,Pagitt,86,Female,90 Clyde Gallagher Avenue,Room 1486,Norfolk,Virginia
Kin,Andreassen,7,Male,544 Declaration Trail,Apt 1782,Erie,Pennsylvania
Kala,Fortnam,65,Female,124 Lunder Parkway,Suite 41,Wichita,Kansas
Karrah,Segar,97,Female,081 Cottonwood Parkway,3rd Floor,Durham,North Carolina
Mic,Winslade,43,Male,3886 Sunfield Park,Apt 1305,Bozeman,Montana
Thedrick,Gittose,51,Male,0 Rusk Road,3rd Floor,Birmingham,Alabama
Chrystal,MacPake,11,Female,1848 Schmedeman Crossing,Room 1209,Pensacola,Florida
Garwood,Hillen,66,Male,99135 Bobwhite Trail,Room 568,Tacoma,Washington
Maude,MacSorley,45,Female,3062 Union Parkway,1st Floor,Gainesville,Georgia
Carole,Wallett,51,Female,49570 Walton Place,9th Floor,Phoenix,Arizona
Harlan,Barniss,99,Male,7 Ramsey Junction,3rd Floor,Albany,New York
Gene,Wrightem,88,Male,11072 Dryden Way,Suite 35,Fort Wayne,Indiana
Tonya,Heinreich,5,Female,006 Ronald Regan Pass,10th Floor,Sacramento,California
Mata,Manners,61,Male,031 Rowland Avenue,2nd Floor,Amarillo,Texas
Carrie,Biddy,1,Female,779 Tennyson Plaza,Room 873,Melbourne,Florida
Consuelo,Le Gall,10,Female,6 Tomscot Circle,PO Box 99362,Shawnee Mission,Kansas
Shane,Skene,41,Male,001 Fairview Drive,Room 108,New York City,New York
Raddie,Whistlecroft,76,Male,198 Mosinee Alley,Room 1069,Washington,District of Columbia
Jorie,Wellbeloved,75,Female,1305 Farragut Circle,13th Floor,Newark,Delaware
Gunilla,Dows,45,Female,26 Kenwood Plaza,PO Box 87188,Albany,New York
Jeffie,Freckelton,61,Male,898 Canary Place,Room 775,Atlanta,Georgia
Adorne,Lambe,48,Female,904 Meadow Ridge Center,Apt 1097,Houston,Texas
Franklyn,Ramelet,63,Male,6 Porter Circle,4th Floor,Columbia,South Carolina
Celina,Khoter,74,Female,3686 Mifflin Trail,PO Box 77912,New Orleans,Louisiana
Jaquelyn,Pleace,14,Female,75 Division Place,Apt 652,Atlanta,Georgia
Stephine,Lesper,5,Female,3689 Florence Pass,Room 843,Washington,District of Columbia
Eustace,Pound,10,Male,4 Monument Way,PO Box 96971,Largo,Florida
Gail,Derobert,9,Male,444 Cordelia Lane,PO Box 29147,Frederick,Maryland
Connie,Verman,85,Female,89 Marcy Point,Suite 43,Milwaukee,Wisconsin
Moise,Staddom,40,Male,66 Marcy Point,19th Floor,Honolulu,Hawaii
Rochette,Hulstrom,37,Female,390 Miller Terrace,12th Floor,West Palm Beach,Florida
Currey,Harlin,1,Male,5463 Anniversary Point,Suite 31,Orlando,Florida
Shellie,Gauntley,73,Female,0 Carpenter Junction,PO Box 90368,Homestead,Florida
Stan,La Torre,59,Male,25 Oakridge Place,PO Box 66148,San Antonio,Texas
Ynes,Barrick,65,Female,894 Merchant Circle,7th Floor,Sacramento,California
Raddy,Swyer-Sexey,39,Male,0909 Clyde Gallagher Lane,1st Floor,Boulder,Colorado
Emmeline,Wallworth,96,Female,1 Ludington Road,Suite 65,Missoula,Montana
Xerxes,Brakespear,32,Male,2 Brickson Park Court,Suite 36,San Diego,California
Brit,Lacheze,31,Male,198 Bonner Crossing,Room 1856,Evanston,Illinois
Benni,Sweetmore,87,Female,13 Calypso Plaza,Apt 8,Atlanta,Georgia
Robers,Doul,28,Male,3 Linden Point,9th Floor,Decatur,Illinois
Renae,Rodrigues,3,Female,348 Mifflin Drive,Apt 322,Huntington Beach,California
Vikky,Ickov,73,Female,6 Center Drive,Room 492,Hartford,Connecticut
Mark,Sergeant,35,Male,4 Gale Junction,Room 431,Austin,Texas
Carlene,Gyorffy,42,Female,488 Forest Run Alley,PO Box 29290,Anderson,Indiana
Matthiew,Danick,47,Male,5988 Kinsman Junction,Apt 265,Scottsdale,Arizona
Harlie,Maude,90,Female,41582 Monterey Way,Room 166,Fresno,California
Dillon,Salkeld,93,Male,8 Gerald Point,PO Box 40368,Milwaukee,Wisconsin
Luisa,Yurivtsev,85,Female,79592 Mandrake Lane,Apt 1006,Washington,District of Columbia
Kassia,Candelin,11,Female,8 Cardinal Place,Suite 26,Cincinnati,Ohio
Mathe,Doward,18,Male,69232 Nancy Circle,Apt 1314,Washington,District of Columbia
Waylon,O'Hickee,33,Male,68105 Springs Lane,PO Box 66645,Jacksonville,Florida
Jeannine,Kervin,4,Female,3881 Sunfield Road,Suite 6,Seattle,Washington
Standford,Mollene,38,Male,54223 Debs Crossing,Apt 1823,Decatur,Illinois
Emmett,Penk,99,Male,11021 Atwood Park,PO Box 30190,Colorado Springs,Colorado
Ferd,Hovel,96,Male,345 Bay Lane,Apt 610,Canton,Ohio
Huntington,Seale,66,Male,71 Elka Center,Apt 506,South Lake Tahoe,California
Gael,Matuskiewicz,46,Male,1306 John Wall Alley,Suite 87,Akron,Ohio
Svend,Sunock,26,Male,0812 Bay Alley,4th Floor,Arlington,Virginia
Celine,Pruce,37,Female,47157 Magdeline Lane,Room 446,San Jose,California
Marys,Bertelsen,96,Female,860 Elka Park,14th Floor,Milwaukee,Wisconsin
Elle,Phelp,36,Female,956 Mendota Pass,Suite 7,New York City,New York
Chet,Mengo,64,Male,0161 Schmedeman Plaza,11th Floor,Augusta,Georgia
Mickey,Tyrwhitt,62,Male,42 Pankratz Drive,PO Box 40540,New York City,New York
Victor,Gravet,65,Male,740 Fallview Street,Apt 305,Cedar Rapids,Iowa
Cobbie,Stormouth,18,Male,25149 Briar Crest Drive,12th Floor,Sacramento,California
Matteo,Christol,18,Male,519 Ronald Regan Drive,Suite 17,Sacramento,California
Lindie,MacNally,83,Female,8 Namekagon Center,PO Box 23640,Pittsburgh,Pennsylvania
Stephi,Folkerd,5,Female,3 Forest Crossing,Suite 56,North Hollywood,California
Jereme,Shrimpling,7,Male,3489 Vahlen Park,7th Floor,New York City,New York
Talbot,Ram,18,Male,2593 Grayhawk Center,PO Box 12949,Rockford,Illinois
Murray,Dumbleton,30,Male,274 Sheridan Parkway,Room 500,Omaha,Nebraska
Dinah,Creevy,77,Female,47 Anniversary Junction,PO Box 23054,Baton Rouge,Louisiana
Fletch,McLaggan,71,Male,0883 Lunder Court,PO Box 69189,Newport Beach,California
Fallon,Angelini,86,Female,6 Linden Junction,Room 1901,Indianapolis,Indiana
Angie,Bullus,50,Female,68 Forest Junction,PO Box 68127,Pittsburgh,Pennsylvania
Farley,Droghan,63,Male,85 Amoth Parkway,PO Box 26864,Daytona Beach,Florida
Selene,Skrzynski,2,Female,6 Hagan Way,Apt 1376,Nashville,Tennessee
Mina,Cullagh,50,Female,20 Cardinal Terrace,Apt 1772,Albany,New York
Cami,Grigs,13,Female,70 Hollow Ridge Parkway,PO Box 62848,Albuquerque,New Mexico
Korey,Shortland,100,Male,5396 Dwight Terrace,Room 1085,Bakersfield,California
Noe,Dehmel,17,Male,913 Birchwood Way,Apt 651,Tampa,Florida
Perren,Wiggett,14,Male,1877 Lawn Court,Suite 90,Pittsburgh,Pennsylvania
Briano,Gerin,34,Male,700 Bluejay Lane,Apt 1485,Oklahoma City,Oklahoma
Cirillo,Millership,44,Male,8 Green Parkway,Suite 26,Denver,Colorado
Melli,McKeurtan,98,Female,038 Summit Junction,Suite 28,Kansas City,Missouri
Tracey,Clausius,34,Male,95751 Karstens Court,Room 1708,Lincoln,Nebraska
Saloma,Millichap,94,Female,837 Fieldstone Way,Suite 78,Jackson,Tennessee
Roslyn,Brimelow,61,Female,66973 Prentice Park,Apt 149,Las Vegas,Nevada
Manda,Di Giacomo,58,Female,860 Larry Pass,Suite 49,Spokane,Washington
Marena,Chatburn,56,Female,03817 Londonderry Park,Suite 24,Palatine,Illinois
Pauli,Annice,10,Female,60 Anderson Street,12th Floor,New York City,New York
Hanni,Seamen,51,Female,63851 Anthes Parkway,Apt 346,Santa Monica,California
Elwyn,Haydney,68,Male,67 Pearson Parkway,PO Box 24812,Washington,District of Columbia
Granthem,Kiss,88,Male,73259 Knutson Street,Room 910,Nashville,Tennessee
Hyacinthia,Adey,19,Female,827 Cambridge Avenue,Suite 72,Birmingham,Alabama
Lauri,Keningham,33,Female,58 Bartelt Trail,PO Box 50936,Fort Lauderdale,Florida
Gertruda,Balentyne,49,Female,953 Rusk Trail,4th Floor,Shawnee Mission,Kansas
Grace,McCullock,50,Male,10559 Katie Terrace,18th Floor,Dallas,Texas
Herman,Massard,69,Male,728 Dapin Parkway,15th Floor,Birmingham,Alabama
Sadie,Dufty,26,Female,463 Brown Pass,PO Box 34854,Jersey City,New Jersey
Cass,Simper,76,Male,1 Onsgard Plaza,Room 136,Erie,Pennsylvania
Adams,Handrock,37,Male,75303 Hoard Point,PO Box 59173,Louisville,Kentucky
Urbano,Gobel,63,Male,8 Ludington Terrace,Apt 1843,Stamford,Connecticut
Jillana,MacAllester,73,Female,28417 Weeping Birch Terrace,Apt 1827,Visalia,California
Budd,Trahair,5,Male,799 Gulseth Street,PO Box 46083,Lincoln,Nebraska
Addie,Hurkett,58,Female,278 Cody Parkway,Room 322,Naperville,Illinois
Frazier,Kigelman,49,Male,795 Glacier Hill Pass,Suite 76,Louisville,Kentucky
Hallie,Ivashinnikov,72,Female,2 Morningstar Point,PO Box 91699,Jacksonville,Florida
Ilse,Littlekit,68,Female,62879 Hazelcrest Junction,PO Box 63874,Louisville,Kentucky
Hubie,Delmage,82,Male,82 Corben Road,Room 402,Glendale,Arizona
Filia,Margrem,68,Female,38 Gateway Court,PO Box 18776,Fairfield,Connecticut
Ogden,Pyburn,53,Male,9 Village Green Drive,Apt 1194,Saint Petersburg,Florida
Joseph,Birks,16,Male,62 Northland Parkway,Apt 1050,Punta Gorda,Florida
Deloria,Butteris,53,Female,96490 Orin Court,4th Floor,San Antonio,Texas
Heall,Biskupiak,62,Male,1732 Barnett Place,Apt 690,Portland,Maine
Siana,Consadine,61,Female,7399 Linden Parkway,Apt 597,Philadelphia,Pennsylvania
Arlen,Athersmith,7,Female,0 Cardinal Plaza,3rd Floor,Orlando,Florida
Cleopatra,Beausang,2,Female,1802 4th Street,PO Box 56685,Flint,Michigan
Marylou,Jedrys,59,Female,544 Jenna Way,Room 671,Cambridge,Massachusetts
Cecelia,Louch,53,Female,877 Randy Circle,PO Box 84304,Kansas City,Missouri
Renae,Ziemecki,73,Female,3 Waywood Parkway,Apt 1199,North Hollywood,California
Nicola,Comazzo,18,Female,97 Bartillon Avenue,PO Box 86162,Buffalo,New York
Eba,Pashley,86,Female,78 Summit Hill,20th Floor,San Diego,California
Salvatore,Haddow,19,Male,42 Vahlen Road,PO Box 59231,Gainesville,Georgia
Redd,Hulett,37,Male,982 South Place,Room 1241,Hartford,Connecticut
Audie,Rodenburgh,5,Female,36 Walton Crossing,PO Box 88410,Phoenix,Arizona
Dulci,Crommett,53,Female,392 Northridge Alley,Room 1562,Bronx,New York
Fredia,Stute,20,Female,14 Rieder Trail,Apt 1519,El Paso,Texas
Dodi,Theobald,71,Female,2 Marquette Parkway,Apt 1400,New York City,New York
Fayre,Lissimore,93,Female,36 Meadow Vale Alley,PO Box 44563,Phoenix,Arizona
Barty,Tutton,14,Male,806 Sherman Parkway,8th Floor,Panama City,Florida
Ulick,Lieb,33,Male,1017 Harper Trail,5th Floor,Migrate,Kentucky
Heinrik,Portwain,54,Male,81 Charing Cross Junction,PO Box 33601,Washington,District of Columbia
Wilfred,Foxcroft,82,Male,8509 Center Lane,Room 768,Raleigh,North Carolina
Tadeo,Bettenay,22,Male,4306 Towne Crossing,PO Box 63076,Arvada,Colorado
Kelli,Simonou,70,Female,2 Schlimgen Hill,Suite 19,Atlanta,Georgia
Fara,Widdowes,13,Female,46 Hermina Hill,Suite 43,Silver Spring,Maryland
Hilarius,Whitty,83,Male,13751 Stuart Street,5th Floor,Lubbock,Texas
Emogene,Terese,68,Female,2 Melody Lane,Suite 9,Charleston,West Virginia
Malynda,Fouracre,98,Female,452 Longview Hill,PO Box 33636,Beaumont,Texas
Ad,Madden,55,Male,1 Graedel Avenue,Suite 39,Rochester,New York
Ermengarde,Bulcroft,50,Female,3022 Farwell Drive,Room 1006,Las Vegas,Nevada
Court,Buglar,97,Male,7 Commercial Crossing,4th Floor,El Paso,Texas
Peta,Vasilchikov,79,Female,8577 Hollow Ridge Junction,Apt 509,Fort Wayne,Indiana
Ranique,Skunes,85,Female,9 Dunning Court,10th Floor,Chattanooga,Tennessee
Irma,Dudill,46,Female,80 Meadow Ridge Road,Apt 1282,Peoria,Illinois
Harli,Sone,78,Female,6 Sachtjen Circle,Room 276,Buffalo,New York
Abra,Gariff,20,Female,93 Holy Cross Court,Suite 36,Washington,District of Columbia
Hadleigh,Macvey,71,Male,3186 Blue Bill Park Terrace,19th Floor,Irvine,California
Leonie,Jakubovics,1,Female,3 Londonderry Terrace,PO Box 87754,Homestead,Florida
Lynda,Larret,78,Female,22 Sugar Lane,PO Box 43439,Washington,District of Columbia
Francklin,Henke,97,Male,87743 Bunker Hill Alley,PO Box 82040,Corpus Christi,Texas
Harwell,De Hoogh,57,Male,06 Texas Center,Room 658,Gadsden,Alabama
Merlina,Courtese,55,Female,63497 Mandrake Avenue,Apt 17,Minneapolis,Minnesota
Candace,Gyrgorwicx,26,Female,8631 Farragut Court,Apt 1799,Sacramento,California
Ellswerth,Allworthy,65,Male,2184 Del Mar Park,Room 1483,Houston,Texas
Shoshanna,Cloney,69,Female,8227 Hollow Ridge Park,Apt 1922,Long Beach,California
Caron,Duthy,1,Female,16715 Laurel Street,Room 898,Long Beach,California
Ester,Crankshaw,39,Female,7 Dovetail Street,Suite 10,Santa Monica,California
Livvy,Bentick,6,Female,77832 Columbus Parkway,PO Box 69219,Oklahoma City,Oklahoma
Neal,Stopper,13,Male,1 Meadow Vale Pass,Suite 1,Wilmington,Delaware
Mickie,Blaske,28,Male,19808 Mayfield Center,Suite 6,Topeka,Kansas
Weylin,Fabri,81,Male,22397 Tony Place,PO Box 18502,Brooklyn,New York
Carlie,Thorrington,56,Male,82880 Marquette Court,PO Box 38970,Wilmington,Delaware
Dian,Simmers,9,Female,5 American Ash Plaza,PO Box 46835,Springfield,Massachusetts
Fremont,Farahar,49,Male,5952 Trailsway Point,Suite 52,Detroit,Michigan
Virgie,Valde,13,Female,4 Fulton Pass,Room 1769,Denver,Colorado
Welch,Romer,94,Male,9 Onsgard Center,Room 1013,El Paso,Texas
Feodora,Forman,56,Female,78 Mockingbird Way,Room 15,Miami,Florida
Perkin,Brealey,29,Male,4 Rutledge Place,Room 174,Greensboro,North Carolina
Dylan,Amar,89,Male,5149 Stone Corner Hill,PO Box 2152,Arlington,Virginia
Joya,Blanchette,31,Female,26 Drewry Terrace,Room 1223,Cincinnati,Ohio
Sabra,Wooding,88,Female,05 Marcy Point,8th Floor,Toledo,Ohio
Ari,Biggen,86,Male,7708 Debra Alley,Suite 4,Fresno,California
Otto,Wooler,45,Male,322 Golden Leaf Crossing,Room 1109,Canton,Ohio
Tessie,Danslow,53,Female,66088 Corben Alley,10th Floor,Bakersfield,California
Leela,Lambrick,52,Female,1613 Toban Pass,Apt 1685,Fresno,California
Anya,Flade,67,Female,7 7th Center,14th Floor,Washington,District of Columbia
Kim,McMeyler,10,Female,4159 Fisk Parkway,12th Floor,Saint Paul,Minnesota
Juan,Cleave,88,Male,6 Pierstorff Lane,Suite 50,Los Angeles,California
Parrnell,Leinweber,11,Male,2003 Anthes Point,9th Floor,Houston,Texas
Annabel,Scopyn,42,Female,9 Meadow Valley Pass,PO Box 67618,Madison,Wisconsin
Garnet,Boughton,34,Female,5 Crest Line Pass,PO Box 21460,Las Vegas,Nevada
Henrietta,Kerrich,59,Female,3 Northland Plaza,PO Box 45907,Wilmington,North Carolina
Kiri,Kinson,39,Female,4 Jana Parkway,PO Box 40029,Atlanta,Georgia
Zechariah,Bettington,2,Male,8 Hazelcrest Lane,PO Box 90415,Fort Wayne,Indiana
Jobye,McKerlie,94,Female,006 Cordelia Hill,Suite 77,Phoenix,Arizona
Jamima,Musprat,86,Female,0979 Schiller Court,Apt 881,San Antonio,Texas
Cass,Annakin,86,Male,50 Ramsey Drive,Room 1782,Memphis,Tennessee
Prudy,Angrave,57,Female,86323 Dennis Alley,3rd Floor,Saint Paul,Minnesota
Sherye,Landells,19,Female,46242 Oak Park,Apt 1495,Denver,Colorado
Pattin,Concklin,28,Male,25306 Knutson Park,20th Floor,Saint Augustine,Florida
Pierce,Edinburgh,32,Male,828 Spenser Terrace,Room 1851,Daytona Beach,Florida
Chilton,Heinsius,19,Male,44119 Hoffman Alley,Suite 51,Valdosta,Georgia
Wyatt,Andrin,75,Male,6 Sugar Plaza,PO Box 8420,Portland,Oregon
Courtnay,Kempe,40,Female,88463 Starling Street,2nd Floor,Portland,Oregon
Cullan,Blenkin,11,Male,54712 Killdeer Center,Apt 1950,Richmond,Virginia
Dennis,Silberschatz,67,Male,58 Nelson Hill,Apt 1555,Wilmington,North Carolina
Lilli,Lozano,51,Female,4722 Shasta Crossing,Apt 719,Bridgeport,Connecticut
Damon,Bourchier,7,Male,803 Clemons Hill,Room 1513,Roanoke,Virginia
Vincents,Bartczak,22,Male,76313 Mesta Center,Room 836,Phoenix,Arizona
Ivonne,Broyd,87,Female,67965 Waubesa Parkway,Suite 87,Corpus Christi,Texas
Marietta,Lynskey,44,Female,8599 Buhler Alley,Suite 20,Abilene,Texas
Freddi,Dimmick,11,Female,3337 Susan Terrace,PO Box 87024,Santa Barbara,California
Nickey,Tugman,26,Male,44688 Longview Crossing,Apt 1125,North Port,Florida
Jeanine,Cucuzza,87,Female,59 3rd Point,Suite 96,Champaign,Illinois
Daron,Dawltrey,49,Male,939 Hollow Ridge Terrace,16th Floor,Norcross,Georgia
Morry,Bleakley,27,Male,84 Crowley Center,Apt 79,Boston,Massachusetts
Rolph,Harpin,74,Male,94 Kings Junction,Room 698,Reston,Virginia
